match_id,season,date,match_type,venue_id
335982,2007/08,2008-04-18,League,0
335983,2007/08,2008-04-19,League,1
335984,2007/08,2008-04-19,League,2
335985,2007/08,2008-04-20,League,3
335986,2007/08,2008-04-20,League,4
335987,2007/08,2008-04-21,League,5
335988,2007/08,2008-04-22,League,6
335989,2007/08,2008-04-23,League,7
335990,2007/08,2008-04-24,League,6
335991,2007/08,2008-04-25,League,1
335992,2007/08,2008-04-26,League,0
335993,2007/08,2008-04-26,League,7
335994,2007/08,2008-04-27,League,8
335995,2007/08,2008-04-27,League,1
335996,2007/08,2008-04-28,League,0
335997,2007/08,2008-04-29,League,4
335998,2007/08,2008-04-30,League,2
335999,2007/08,2008-05-01,League,6
336000,2007/08,2008-05-01,League,5
336001,2007/08,2008-05-02,League,7
336003,2007/08,2008-05-03,League,1
336034,2007/08,2008-05-03,League,0
336004,2007/08,2008-05-04,League,8
336005,2007/08,2008-05-04,League,5
336006,2007/08,2008-05-05,League,0
336007,2007/08,2008-05-06,League,7
336008,2007/08,2008-05-07,League,8
336009,2007/08,2008-05-08,League,2
336010,2007/08,2008-05-08,League,4
336011,2007/08,2008-05-09,League,5
336013,2007/08,2008-05-10,League,7
336014,2007/08,2008-05-11,League,6
336015,2007/08,2008-05-11,League,5
336016,2007/08,2008-05-12,League,1
336017,2007/08,2008-05-13,League,4
336018,2007/08,2008-05-14,League,3
336020,2007/08,2008-05-15,League,2
336021,2007/08,2008-05-16,League,3
336022,2007/08,2008-05-17,League,2
336023,2007/08,2008-05-17,League,5
336024,2007/08,2008-05-18,League,6
336025,2007/08,2008-05-18,League,4
336026,2007/08,2008-05-19,League,0
336027,2007/08,2008-05-20,League,4
336028,2007/08,2008-05-21,League,3
336029,2007/08,2008-05-21,League,7
336031,2007/08,2008-05-23,League,1
336032,2007/08,2008-05-24,League,2
336033,2007/08,2008-05-24,League,7
336002,2007/08,2008-05-25,League,6
336035,2007/08,2008-05-25,League,4
336036,2007/08,2008-05-26,League,5
336037,2007/08,2008-05-27,League,6
336012,2007/08,2008-05-28,League,0
336019,2007/08,2008-05-28,League,1
336038,2007/08,2008-05-30,Semi Final,3
336039,2007/08,2008-05-31,Semi Final,3
336040,2007/08,2008-06-01,Final,8
392181,2009,2009-04-18,League,9
392182,2009,2009-04-18,League,9
392183,2009,2009-04-19,League,9
392184,2009,2009-04-19,League,9
392185,2009,2009-04-20,League,10
392186,2009,2009-04-21,League,11
392188,2009,2009-04-22,League,9
392189,2009,2009-04-23,League,11
392190,2009,2009-04-23,League,9
392191,2009,2009-04-24,League,11
392192,2009,2009-04-25,League,11
392194,2009,2009-04-26,League,10
392195,2009,2009-04-26,League,9
392196,2009,2009-04-27,League,11
392197,2009,2009-04-27,League,10
392198,2009,2009-04-28,League,12
392199,2009,2009-04-29,League,11
392200,2009,2009-04-29,League,11
392201,2009,2009-04-30,League,12
392202,2009,2009-04-30,League,12
392203,2009,2009-05-01,League,13
392204,2009,2009-05-01,League,11
392205,2009,2009-05-02,League,10
392206,2009,2009-05-02,League,14
392207,2009,2009-05-03,League,10
392208,2009,2009-05-03,League,14
392209,2009,2009-05-04,League,13
392210,2009,2009-05-05,League,11
392211,2009,2009-05-05,League,11
392212,2009,2009-05-06,League,12
392213,2009,2009-05-07,League,12
392214,2009,2009-05-07,League,12
392215,2009,2009-05-08,League,13
392216,2009,2009-05-09,League,15
392217,2009,2009-05-09,League,15
392218,2009,2009-05-10,League,10
392219,2009,2009-05-10,League,14
392220,2009,2009-05-11,League,15
392221,2009,2009-05-12,League,12
392222,2009,2009-05-12,League,12
392223,2009,2009-05-13,League,11
392224,2009,2009-05-14,League,11
392225,2009,2009-05-14,League,11
392226,2009,2009-05-15,League,16
392227,2009,2009-05-16,League,10
392228,2009,2009-05-16,League,14
392229,2009,2009-05-17,League,14
392230,2009,2009-05-17,League,16
392231,2009,2009-05-18,League,12
392232,2009,2009-05-19,League,14
392233,2009,2009-05-20,League,11
392234,2009,2009-05-20,League,11
392235,2009,2009-05-21,League,12
392236,2009,2009-05-21,League,12
392237,2009,2009-05-22,Semi Final,12
392238,2009,2009-05-23,Semi Final,14
392239,2009,2009-05-24,Final,14
419106,2009/10,2010-03-12,League,8
419107,2009/10,2010-03-13,League,17
419108,2009/10,2010-03-13,League,1
419109,2009/10,2010-03-14,League,4
419110,2009/10,2010-03-14,League,7
419111,2009/10,2010-03-15,League,18
419112,2009/10,2010-03-16,League,0
419113,2009/10,2010-03-16,League,4
419114,2009/10,2010-03-17,League,2
419115,2009/10,2010-03-18,League,0
419116,2009/10,2010-03-19,League,2
419117,2009/10,2010-03-19,League,19
419118,2009/10,2010-03-20,League,18
419119,2009/10,2010-03-20,League,17
419120,2009/10,2010-03-21,League,19
419121,2009/10,2010-03-21,League,7
419122,2009/10,2010-03-22,League,17
419123,2009/10,2010-03-23,League,0
419124,2009/10,2010-03-24,League,1
419125,2009/10,2010-03-25,League,20
419128,2009/10,2010-03-25,League,0
419126,2009/10,2010-03-26,League,18
419127,2009/10,2010-03-27,League,1
419129,2009/10,2010-03-28,League,18
419130,2009/10,2010-03-28,League,8
419131,2009/10,2010-03-29,League,2
419132,2009/10,2010-03-30,League,17
419133,2009/10,2010-03-31,League,7
419134,2009/10,2010-03-31,League,2
419135,2009/10,2010-04-01,League,4
419136,2009/10,2010-04-02,League,1
419137,2009/10,2010-04-03,League,7
419138,2009/10,2010-04-03,League,17
419139,2009/10,2010-04-04,League,4
419140,2009/10,2010-04-04,League,2
419141,2009/10,2010-04-05,League,21
419142,2009/10,2010-04-06,League,7
419143,2009/10,2010-04-07,League,5
419144,2009/10,2010-04-07,League,4
419145,2009/10,2010-04-08,League,0
419146,2009/10,2010-04-09,League,1
419147,2009/10,2010-04-10,League,21
419148,2009/10,2010-04-10,League,0
419149,2009/10,2010-04-11,League,2
419150,2009/10,2010-04-11,League,5
419151,2009/10,2010-04-12,League,21
419152,2009/10,2010-04-13,League,17
419153,2009/10,2010-04-13,League,7
419154,2009/10,2010-04-14,League,5
419155,2009/10,2010-04-15,League,7
419156,2009/10,2010-04-16,League,22
419157,2009/10,2010-04-17,League,0
419158,2009/10,2010-04-17,League,4
419159,2009/10,2010-04-18,League,22
419160,2009/10,2010-04-18,League,2
419161,2009/10,2010-04-19,League,4
419162,2009/10,2010-04-21,Semi Final,8
419163,2009/10,2010-04-22,Semi Final,8
419164,2009/10,2010-04-24,3rd Place Play-Off,8
419165,2009/10,2010-04-25,Final,8
501198,2011,2011-04-08,League,7
501199,2011,2011-04-09,League,6
501200,2011,2011-04-09,League,23
501201,2011,2011-04-10,League,2
501202,2011,2011-04-10,League,8
501203,2011,2011-04-11,League,4
501204,2011,2011-04-12,League,5
501205,2011,2011-04-12,League,0
501206,2011,2011-04-13,League,1
501207,2011,2011-04-13,League,8
501208,2011,2011-04-14,League,6
501209,2011,2011-04-15,League,5
501210,2011,2011-04-15,League,3
501211,2011,2011-04-16,League,7
501212,2011,2011-04-16,League,6
501213,2011,2011-04-17,League,8
501214,2011,2011-04-17,League,4
501215,2011,2011-04-18,League,23
501216,2011,2011-04-19,League,2
501218,2011,2011-04-20,League,3
501219,2011,2011-04-20,League,4
501220,2011,2011-04-21,League,1
501221,2011,2011-04-22,League,3
501222,2011,2011-04-22,League,4
501223,2011,2011-04-23,League,2
501224,2011,2011-04-24,League,6
501225,2011,2011-04-24,League,5
501226,2011,2011-04-25,League,7
501227,2011,2011-04-26,League,2
501228,2011,2011-04-27,League,8
501229,2011,2011-04-27,League,23
501230,2011,2011-04-28,League,2
501231,2011,2011-04-29,League,5
501232,2011,2011-04-29,League,0
501233,2011,2011-04-30,League,23
501234,2011,2011-04-30,League,4
501235,2011,2011-05-01,League,5
501236,2011,2011-05-01,League,7
501237,2011,2011-05-02,League,3
501238,2011,2011-05-02,League,2
501239,2011,2011-05-03,League,6
501240,2011,2011-05-04,League,7
501241,2011,2011-05-04,League,8
501242,2011,2011-05-05,League,23
501243,2011,2011-05-05,League,6
501244,2011,2011-05-06,League,0
501245,2011,2011-05-07,League,4
501246,2011,2011-05-07,League,3
501247,2011,2011-05-08,League,0
501248,2011,2011-05-08,League,1
501249,2011,2011-05-09,League,5
501250,2011,2011-05-10,League,6
501251,2011,2011-05-10,League,1
501252,2011,2011-05-11,League,5
501253,2011,2011-05-12,League,7
501254,2011,2011-05-13,League,24
501255,2011,2011-05-14,League,0
501256,2011,2011-05-14,League,3
501257,2011,2011-05-15,League,22
501258,2011,2011-05-15,League,24
501259,2011,2011-05-16,League,8
501260,2011,2011-05-17,League,22
501261,2011,2011-05-18,League,7
501262,2011,2011-05-19,League,8
501263,2011,2011-05-20,League,3
501264,2011,2011-05-21,League,22
501265,2011,2011-05-21,League,2
501266,2011,2011-05-22,League,0
501267,2011,2011-05-22,League,4
501268,2011,2011-05-24,Qualifier 1,3
501269,2011,2011-05-25,Elimination Final,3
501270,2011,2011-05-27,Qualifier 2,7
501271,2011,2011-05-28,Final,7
548306,2012,2012-04-04,League,7
548307,2012,2012-04-05,League,4
548308,2012,2012-04-06,League,3
548309,2012,2012-04-06,League,5
548310,2012,2012-04-07,League,0
548311,2012,2012-04-07,League,25
548312,2012,2012-04-08,League,5
548313,2012,2012-04-08,League,26
548314,2012,2012-04-09,League,25
548315,2012,2012-04-10,League,0
548316,2012,2012-04-10,League,2
548317,2012,2012-04-11,League,3
548318,2012,2012-04-12,League,7
548319,2012,2012-04-12,League,1
548320,2012,2012-04-13,League,4
548322,2012,2012-04-14,League,26
548323,2012,2012-04-15,League,4
548324,2012,2012-04-15,League,0
548325,2012,2012-04-16,League,3
548326,2012,2012-04-17,League,5
548327,2012,2012-04-17,League,0
548328,2012,2012-04-18,League,1
548321,2012,2012-04-19,League,2
548330,2012,2012-04-19,League,7
548331,2012,2012-04-20,League,1
548332,2012,2012-04-21,League,7
548333,2012,2012-04-21,League,2
548334,2012,2012-04-22,League,3
548335,2012,2012-04-22,League,19
548336,2012,2012-04-23,League,5
548337,2012,2012-04-24,League,26
548339,2012,2012-04-25,League,1
548341,2012,2012-04-26,League,26
548342,2012,2012-04-27,League,2
548343,2012,2012-04-28,League,7
548344,2012,2012-04-28,League,4
548345,2012,2012-04-29,League,2
548346,2012,2012-04-29,League,3
548347,2012,2012-04-30,League,7
548348,2012,2012-05-01,League,19
548349,2012,2012-05-01,League,5
548350,2012,2012-05-02,League,0
548351,2012,2012-05-03,League,26
548352,2012,2012-05-04,League,7
548353,2012,2012-05-05,League,4
548354,2012,2012-05-05,League,1
548355,2012,2012-05-06,League,3
548356,2012,2012-05-06,League,0
548357,2012,2012-05-07,League,2
548358,2012,2012-05-08,League,26
548359,2012,2012-05-08,League,6
548360,2012,2012-05-09,League,3
548329,2012,2012-05-10,League,6
548361,2012,2012-05-10,League,5
548362,2012,2012-05-11,League,26
548363,2012,2012-05-12,League,4
548364,2012,2012-05-12,League,7
548365,2012,2012-05-13,League,5
548366,2012,2012-05-13,League,1
548367,2012,2012-05-14,League,0
548368,2012,2012-05-14,League,4
548369,2012,2012-05-15,League,2
548370,2012,2012-05-16,League,3
548371,2012,2012-05-17,League,22
548372,2012,2012-05-17,League,2
548373,2012,2012-05-18,League,6
548374,2012,2012-05-19,League,22
548375,2012,2012-05-19,League,26
548376,2012,2012-05-20,League,6
548377,2012,2012-05-20,League,5
548378,2012,2012-05-22,Qualifier 1,26
548379,2012,2012-05-23,Elimination Final,0
548380,2012,2012-05-25,Qualifier 2,7
548381,2012,2012-05-27,Final,7
597998,2013,2013-04-03,League,4
597999,2013,2013-04-04,League,0
598000,2013,2013-04-05,League,6
598001,2013,2013-04-06,League,2
598002,2013,2013-04-06,League,7
598003,2013,2013-04-07,League,26
598004,2013,2013-04-07,League,6
598005,2013,2013-04-08,League,5
598006,2013,2013-04-09,League,3
598048,2013,2013-04-09,League,0
598007,2013,2013-04-10,League,1
598008,2013,2013-04-11,League,0
598009,2013,2013-04-11,League,26
598010,2013,2013-04-12,League,2
598011,2013,2013-04-13,League,3
598012,2013,2013-04-13,League,7
598013,2013,2013-04-14,League,4
598014,2013,2013-04-14,League,5
598015,2013,2013-04-15,League,7
598016,2013,2013-04-16,League,1
598017,2013,2013-04-16,League,0
598018,2013,2013-04-17,League,27
598019,2013,2013-04-17,League,5
598020,2013,2013-04-18,League,2
598021,2013,2013-04-19,League,6
598022,2013,2013-04-20,League,4
598023,2013,2013-04-20,League,0
598024,2013,2013-04-21,League,2
598025,2013,2013-04-21,League,1
598026,2013,2013-04-22,League,7
598027,2013,2013-04-23,League,0
598059,2013,2013-04-23,League,2
598029,2013,2013-04-24,League,4
598030,2013,2013-04-25,League,7
598031,2013,2013-04-26,League,4
598032,2013,2013-04-27,League,5
598033,2013,2013-04-27,League,3
598034,2013,2013-04-28,League,7
598035,2013,2013-04-28,League,28
598036,2013,2013-04-29,League,5
598037,2013,2013-04-29,League,3
598038,2013,2013-04-30,League,26
598039,2013,2013-05-01,League,6
598040,2013,2013-05-01,League,28
598041,2013,2013-05-02,League,7
598042,2013,2013-05-02,League,26
598043,2013,2013-05-03,League,4
598044,2013,2013-05-04,League,6
598046,2013,2013-05-05,League,3
598047,2013,2013-05-05,League,5
598064,2013,2013-05-06,League,1
598049,2013,2013-05-07,League,5
598050,2013,2013-05-07,League,3
598051,2013,2013-05-08,League,6
598052,2013,2013-05-09,League,1
598053,2013,2013-05-09,League,26
598054,2013,2013-05-10,League,2
598055,2013,2013-05-11,League,26
598056,2013,2013-05-11,League,1
598057,2013,2013-05-12,League,29
598058,2013,2013-05-12,League,5
598060,2013,2013-05-13,League,3
598045,2013,2013-05-14,League,0
598062,2013,2013-05-14,League,7
598061,2013,2013-05-15,League,29
598063,2013,2013-05-15,League,3
598028,2013,2013-05-16,League,22
598065,2013,2013-05-17,League,6
598066,2013,2013-05-18,League,22
598068,2013,2013-05-18,League,0
598067,2013,2013-05-19,League,26
598069,2013,2013-05-19,League,6
598070,2013,2013-05-21,Qualifier 1,2
598071,2013,2013-05-22,Eliminator,2
598072,2013,2013-05-24,Qualifier 2,4
598073,2013,2013-05-26,Final,4
729279,2014,2014-04-16,League,30
729281,2014,2014-04-17,League,31
729283,2014,2014-04-18,League,30
729285,2014,2014-04-18,League,30
729287,2014,2014-04-19,League,32
729289,2014,2014-04-19,League,32
729291,2014,2014-04-20,League,31
729293,2014,2014-04-21,League,30
729295,2014,2014-04-22,League,31
729297,2014,2014-04-23,League,32
729299,2014,2014-04-24,League,31
729301,2014,2014-04-25,League,32
729303,2014,2014-04-25,League,32
729305,2014,2014-04-26,League,30
729307,2014,2014-04-26,League,30
729309,2014,2014-04-27,League,31
729311,2014,2014-04-27,League,31
729313,2014,2014-04-28,League,32
729315,2014,2014-04-29,League,30
729317,2014,2014-04-30,League,32
733971,2014,2014-05-02,League,29
733973,2014,2014-05-03,League,3
733975,2014,2014-05-03,League,2
733977,2014,2014-05-04,League,0
733979,2014,2014-05-05,League,18
733981,2014,2014-05-05,League,2
733983,2014,2014-05-06,League,3
733985,2014,2014-05-07,League,2
733987,2014,2014-05-07,League,19
733989,2014,2014-05-08,League,18
733991,2014,2014-05-09,League,0
733993,2014,2014-05-10,League,2
733995,2014,2014-05-10,League,3
733997,2014,2014-05-11,League,19
733999,2014,2014-05-11,League,0
734001,2014,2014-05-12,League,6
734003,2014,2014-05-13,League,29
734005,2014,2014-05-13,League,0
734007,2014,2014-05-14,League,6
734009,2014,2014-05-14,League,19
734011,2014,2014-05-15,League,18
734013,2014,2014-05-18,League,29
734015,2014,2014-05-18,League,6
734017,2014,2014-05-19,League,18
734019,2014,2014-05-19,League,2
734021,2014,2014-05-20,League,6
734023,2014,2014-05-20,League,4
734025,2014,2014-05-21,League,1
734027,2014,2014-05-22,League,4
734029,2014,2014-05-22,League,29
734031,2014,2014-05-23,League,3
734033,2014,2014-05-23,League,1
734035,2014,2014-05-24,League,0
734037,2014,2014-05-24,League,4
734039,2014,2014-05-25,League,1
734041,2014,2014-05-25,League,3
734043,2014,2014-05-27,Qualifier 1,4
734045,2014,2014-05-28,Eliminator,17
734047,2014,2014-05-30,Qualifier 2,3
734049,2014,2014-06-01,Final,0
829705,2015,2015-04-08,League,4
829707,2015,2015-04-09,League,7
829709,2015,2015-04-10,League,27
829711,2015,2015-04-11,League,7
829713,2015,2015-04-11,League,4
829715,2015,2015-04-12,League,2
829717,2015,2015-04-12,League,3
829719,2015,2015-04-13,League,0
829721,2015,2015-04-14,League,18
829725,2015,2015-04-15,League,27
829727,2015,2015-04-16,League,25
829729,2015,2015-04-17,League,3
829731,2015,2015-04-18,League,25
829733,2015,2015-04-18,League,27
829735,2015,2015-04-19,League,18
829737,2015,2015-04-19,League,0
829739,2015,2015-04-20,League,2
829741,2015,2015-04-21,League,18
829743,2015,2015-04-22,League,25
829745,2015,2015-04-22,League,0
829747,2015,2015-04-23,League,2
829749,2015,2015-04-24,League,18
829751,2015,2015-04-25,League,3
829753,2015,2015-04-25,League,7
829757,2015,2015-04-26,League,2
829759,2015,2015-04-27,League,1
829765,2015,2015-04-28,League,7
829763,2015,2015-04-29,League,0
829723,2015,2015-04-30,League,4
829767,2015,2015-05-01,League,2
829769,2015,2015-05-01,League,3
829771,2015,2015-05-02,League,0
829773,2015,2015-05-02,League,6
829775,2015,2015-05-03,League,1
829777,2015,2015-05-03,League,17
829779,2015,2015-05-04,League,7
829781,2015,2015-05-04,League,4
829783,2015,2015-05-05,League,3
829785,2015,2015-05-06,League,0
829761,2015,2015-05-07,League,4
829787,2015,2015-05-07,League,17
829789,2015,2015-05-08,League,7
829791,2015,2015-05-09,League,4
829793,2015,2015-05-09,League,28
829795,2015,2015-05-10,League,3
829797,2015,2015-05-10,League,7
829799,2015,2015-05-11,League,6
829801,2015,2015-05-12,League,28
829803,2015,2015-05-13,League,1
829805,2015,2015-05-14,League,3
829807,2015,2015-05-15,League,6
829809,2015,2015-05-16,League,1
829811,2015,2015-05-16,League,17
829813,2015,2015-05-17,League,0
829815,2015,2015-05-17,League,6
829817,2015,2015-05-19,Qualifier 1,3
829819,2015,2015-05-20,Eliminator,27
829821,2015,2015-05-22,Qualifier 2,29
829823,2015,2015-05-24,Final,4
980901,2016,2016-04-09,League,3
980903,2016,2016-04-10,League,4
980905,2016,2016-04-11,League,33
980907,2016,2016-04-12,League,0
980909,2016,2016-04-13,League,4
980911,2016,2016-04-14,League,34
980913,2016,2016-04-15,League,2
980915,2016,2016-04-16,League,6
980917,2016,2016-04-16,League,3
980919,2016,2016-04-17,League,33
980921,2016,2016-04-17,League,0
980923,2016,2016-04-18,League,6
980925,2016,2016-04-19,League,33
980927,2016,2016-04-20,League,3
980929,2016,2016-04-21,League,34
980931,2016,2016-04-22,League,27
980933,2016,2016-04-23,League,2
980935,2016,2016-04-23,League,6
980937,2016,2016-04-24,League,34
980939,2016,2016-04-24,League,27
980941,2016,2016-04-25,League,33
980943,2016,2016-04-26,League,6
980945,2016,2016-04-27,League,2
980947,2016,2016-04-28,League,3
980949,2016,2016-04-29,League,27
980951,2016,2016-04-30,League,2
980953,2016,2016-04-30,League,6
980955,2016,2016-05-01,League,34
980957,2016,2016-05-01,League,27
980959,2016,2016-05-02,League,0
980961,2016,2016-05-03,League,34
980963,2016,2016-05-04,League,4
980965,2016,2016-05-05,League,2
980967,2016,2016-05-06,League,6
980969,2016,2016-05-07,League,0
980971,2016,2016-05-07,League,33
980973,2016,2016-05-08,League,25
980975,2016,2016-05-08,League,4
980977,2016,2016-05-09,League,33
980979,2016,2016-05-10,League,25
980981,2016,2016-05-11,League,0
980983,2016,2016-05-12,League,6
980985,2016,2016-05-13,League,25
980987,2016,2016-05-14,League,0
980989,2016,2016-05-14,League,4
980991,2016,2016-05-15,League,33
980993,2016,2016-05-15,League,25
980995,2016,2016-05-16,League,4
980997,2016,2016-05-17,League,25
980999,2016,2016-05-18,League,0
981001,2016,2016-05-19,League,35
981003,2016,2016-05-20,League,28
981005,2016,2016-05-21,League,25
981007,2016,2016-05-21,League,35
981009,2016,2016-05-22,League,4
981011,2016,2016-05-22,League,28
981013,2016,2016-05-24,Qualifier 1,0
981015,2016,2016-05-25,Elimination Final,2
981017,2016,2016-05-27,Qualifier 2,2
981019,2016,2016-05-29,Final,0
1082591,2017,2017-04-05,League,6
1082592,2017,2017-04-06,League,27
1082593,2017,2017-04-07,League,34
1082594,2017,2017-04-08,League,24
1082595,2017,2017-04-08,League,36
1082596,2017,2017-04-09,League,6
1082597,2017,2017-04-09,League,3
1082598,2017,2017-04-10,League,24
1082599,2017,2017-04-11,League,27
1082600,2017,2017-04-12,League,3
1082601,2017,2017-04-13,League,4
1082602,2017,2017-04-14,League,0
1082603,2017,2017-04-14,League,34
1082604,2017,2017-04-15,League,4
1082605,2017,2017-04-15,League,2
1082606,2017,2017-04-16,League,3
1082607,2017,2017-04-16,League,0
1082608,2017,2017-04-17,League,2
1082609,2017,2017-04-17,League,6
1082610,2017,2017-04-18,League,34
1082611,2017,2017-04-19,League,6
1082612,2017,2017-04-20,League,24
1082613,2017,2017-04-21,League,4
1082614,2017,2017-04-22,League,3
1082615,2017,2017-04-22,League,27
1082616,2017,2017-04-23,League,34
1082617,2017,2017-04-23,League,4
1082618,2017,2017-04-24,League,3
1082620,2017,2017-04-26,League,27
1082621,2017,2017-04-27,League,0
1082622,2017,2017-04-28,League,4
1082623,2017,2017-04-28,League,33
1082624,2017,2017-04-29,League,27
1082625,2017,2017-04-29,League,34
1082626,2017,2017-04-30,League,33
1082627,2017,2017-04-30,League,6
1082628,2017,2017-05-01,League,3
1082629,2017,2017-05-01,League,27
1082630,2017,2017-05-02,League,2
1082631,2017,2017-05-03,League,4
1082632,2017,2017-05-04,League,2
1082633,2017,2017-05-05,League,0
1082634,2017,2017-05-06,League,6
1082635,2017,2017-05-06,League,2
1082636,2017,2017-05-07,League,0
1082637,2017,2017-05-07,League,33
1082638,2017,2017-05-08,League,6
1082639,2017,2017-05-09,League,33
1082640,2017,2017-05-10,League,35
1082641,2017,2017-05-11,League,3
1082642,2017,2017-05-12,League,2
1082643,2017,2017-05-13,League,35
1082644,2017,2017-05-13,League,4
1082645,2017,2017-05-14,League,27
1082646,2017,2017-05-14,League,2
1082647,2017,2017-05-16,Qualifier 1,3
1082648,2017,2017-05-17,Eliminator,0
1082649,2017,2017-05-19,Qualifier 2,0
1082650,2017,2017-05-21,Final,6
1136561,2018,2018-04-07,League,3
1136562,2018,2018-04-08,League,37
1136563,2018,2018-04-08,League,4
1136564,2018,2018-04-09,League,38
1136565,2018,2018-04-10,League,39
1136566,2018,2018-04-11,League,5
1136567,2018,2018-04-12,League,38
1136568,2018,2018-04-13,League,36
1136569,2018,2018-04-14,League,3
1136570,2018,2018-04-14,League,4
1136571,2018,2018-04-15,League,36
1136572,2018,2018-04-15,League,37
1136573,2018,2018-04-16,League,4
1136574,2018,2018-04-17,League,3
1136575,2018,2018-04-18,League,5
1136576,2018,2018-04-19,League,37
1136577,2018,2018-04-20,League,27
1136578,2018,2018-04-21,League,4
1136579,2018,2018-04-21,League,36
1136580,2018,2018-04-22,League,38
1136581,2018,2018-04-22,League,5
1136582,2018,2018-04-23,League,40
1136583,2018,2018-04-24,League,3
1136584,2018,2018-04-25,League,36
1136585,2018,2018-04-26,League,38
1136586,2018,2018-04-27,League,40
1136587,2018,2018-04-28,League,27
1136588,2018,2018-04-29,League,5
1136589,2018,2018-04-29,League,36
1136590,2018,2018-04-30,League,27
1136591,2018,2018-05-01,League,36
1136592,2018,2018-05-02,League,40
1136593,2018,2018-05-03,League,4
1136594,2018,2018-05-04,League,24
1136595,2018,2018-05-05,League,27
1136596,2018,2018-05-05,League,38
1136597,2018,2018-05-06,League,3
1136598,2018,2018-05-06,League,24
1136599,2018,2018-05-07,League,38
1136600,2018,2018-05-08,League,5
1136601,2018,2018-05-09,League,4
1136602,2018,2018-05-10,League,40
1136603,2018,2018-05-11,League,5
1136604,2018,2018-05-12,League,24
1136605,2018,2018-05-12,League,40
1136606,2018,2018-05-13,League,27
1136607,2018,2018-05-13,League,3
1136608,2018,2018-05-14,League,24
1136609,2018,2018-05-15,League,4
1136610,2018,2018-05-16,League,3
1136611,2018,2018-05-17,League,36
1136612,2018,2018-05-18,League,40
1136613,2018,2018-05-19,League,5
1136614,2018,2018-05-19,League,38
1136615,2018,2018-05-20,League,40
1136616,2018,2018-05-20,League,27
1136617,2018,2018-05-22,Qualifier 1,3
1136618,2018,2018-05-23,Eliminator,4
1136619,2018,2018-05-25,Qualifier 2,4
1136620,2018,2018-05-27,Final,3
1175356,2019,2019-03-23,League,39
1175357,2019,2019-03-24,League,4
1175358,2019,2019-03-24,League,3
1175359,2019,2019-03-25,League,5
1175360,2019,2019-03-26,League,40
1175361,2019,2019-03-27,League,4
1175362,2019,2019-03-28,League,36
1175363,2019,2019-03-29,League,38
1175364,2019,2019-03-30,League,37
1175365,2019,2019-03-30,League,40
1175366,2019,2019-03-31,League,38
1175367,2019,2019-03-31,League,39
1175368,2019,2019-04-01,League,37
1175369,2019,2019-04-02,League,5
1175370,2019,2019-04-03,League,3
1175371,2019,2019-04-04,League,40
1175372,2019,2019-04-05,League,36
1178393,2019,2019-04-06,League,39
1178394,2019,2019-04-06,League,38
1178395,2019,2019-04-07,League,36
1178396,2019,2019-04-07,League,5
1178397,2019,2019-04-08,League,37
1178398,2019,2019-04-09,League,39
1178399,2019,2019-04-10,League,3
1178400,2019,2019-04-11,League,5
1178401,2019,2019-04-12,League,4
1178402,2019,2019-04-13,League,3
1178403,2019,2019-04-13,League,37
1178404,2019,2019-04-14,League,4
1178405,2019,2019-04-14,League,38
1178406,2019,2019-04-15,League,3
1178407,2019,2019-04-16,League,37
1178408,2019,2019-04-17,League,38
1178409,2019,2019-04-18,League,40
1178410,2019,2019-04-19,League,4
1178411,2019,2019-04-20,League,5
1178412,2019,2019-04-20,League,40
1178413,2019,2019-04-21,League,38
1178414,2019,2019-04-21,League,36
1178415,2019,2019-04-22,League,5
1178416,2019,2019-04-23,League,39
1178417,2019,2019-04-24,League,36
1178418,2019,2019-04-25,League,4
1178419,2019,2019-04-26,League,39
1178420,2019,2019-04-27,League,5
1178421,2019,2019-04-28,League,40
1178422,2019,2019-04-28,League,4
1178423,2019,2019-04-29,League,38
1178424,2019,2019-04-30,League,36
1178425,2019,2019-05-01,League,39
1178426,2019,2019-05-02,League,3
1178427,2019,2019-05-03,League,37
1178428,2019,2019-05-04,League,40
1178429,2019,2019-05-04,League,36
1178430,2019,2019-05-05,League,37
1178431,2019,2019-05-05,League,3
1181764,2019,2019-05-07,Qualifier 1,39
1181766,2019,2019-05-08,Eliminator,25
1181767,2019,2019-05-10,Qualifier 2,25
1181768,2019,2019-05-12,Final,38
1216492,2020/21,2020-09-19,League,30
1216493,2020/21,2020-09-20,League,32
1216534,2020/21,2020-09-21,League,32
1216496,2020/21,2020-09-22,League,31
1216508,2020/21,2020-09-23,League,30
1216510,2020/21,2020-09-24,League,32
1216539,2020/21,2020-09-25,League,32
1216545,2020/21,2020-09-26,League,30
1216527,2020/21,2020-09-27,League,31
1216547,2020/21,2020-09-28,League,32
1216532,2020/21,2020-09-29,League,30
1216504,2020/21,2020-09-30,League,32
1216503,2020/21,2020-10-01,League,30
1216516,2020/21,2020-10-02,League,32
1216514,2020/21,2020-10-03,League,30
1216515,2020/21,2020-10-03,League,31
1216513,2020/21,2020-10-04,League,32
1216538,2020/21,2020-10-04,League,31
1216519,2020/21,2020-10-05,League,32
1216511,2020/21,2020-10-06,League,30
1216501,2020/21,2020-10-07,League,30
1216542,2020/21,2020-10-08,League,32
1216500,2020/21,2020-10-09,League,31
1216523,2020/21,2020-10-10,League,30
1216525,2020/21,2020-10-10,League,32
1216507,2020/21,2020-10-11,League,32
1216529,2020/21,2020-10-11,League,30
1216540,2020/21,2020-10-12,League,31
1216528,2020/21,2020-10-13,League,32
1216543,2020/21,2020-10-14,League,32
1216531,2020/21,2020-10-15,League,31
1216526,2020/21,2020-10-16,League,30
1216509,2020/21,2020-10-17,League,31
1216522,2020/21,2020-10-17,League,32
1216512,2020/21,2020-10-18,League,30
1216517,2020/21,2020-10-18,League,32
1216533,2020/21,2020-10-19,League,30
1216546,2020/21,2020-10-20,League,32
1216494,2020/21,2020-10-21,League,30
1216518,2020/21,2020-10-22,League,32
1216521,2020/21,2020-10-23,League,31
1216497,2020/21,2020-10-24,League,30
1216498,2020/21,2020-10-24,League,32
1216541,2020/21,2020-10-25,League,30
1216544,2020/21,2020-10-25,League,32
1216520,2020/21,2020-10-26,League,31
1216524,2020/21,2020-10-27,League,32
1216499,2020/21,2020-10-28,League,30
1216536,2020/21,2020-10-29,League,32
1216537,2020/21,2020-10-30,League,30
1216502,2020/21,2020-10-31,League,31
1216535,2020/21,2020-10-31,League,32
1216506,2020/21,2020-11-01,League,30
1216530,2020/21,2020-11-01,League,32
1216505,2020/21,2020-11-02,League,30
1216495,2020/21,2020-11-03,League,31
1237177,2020/21,2020-11-05,Qualifier 1,32
1237178,2020/21,2020-11-06,Eliminator,30
1237180,2020/21,2020-11-08,Qualifier 2,30
1237181,2020/21,2020-11-10,Final,32
1254058,2021,2021-04-09,League,41
1254059,2021,2021-04-10,League,42
1254060,2021,2021-04-11,League,41
1254061,2021,2021-04-12,League,42
1254062,2021,2021-04-13,League,41
1254063,2021,2021-04-14,League,41
1254064,2021,2021-04-15,League,42
1254065,2021,2021-04-16,League,42
1254066,2021,2021-04-17,League,41
1254067,2021,2021-04-18,League,41
1254068,2021,2021-04-18,League,42
1254069,2021,2021-04-19,League,42
1254070,2021,2021-04-20,League,41
1254071,2021,2021-04-21,League,41
1254072,2021,2021-04-21,League,42
1254073,2021,2021-04-22,League,42
1254074,2021,2021-04-23,League,41
1254075,2021,2021-04-24,League,42
1254076,2021,2021-04-25,League,42
1254077,2021,2021-04-25,League,41
1254078,2021,2021-04-26,League,43
1254079,2021,2021-04-27,League,43
1254080,2021,2021-04-28,League,44
1254081,2021,2021-04-29,League,44
1254082,2021,2021-04-29,League,43
1254083,2021,2021-04-30,League,43
1254084,2021,2021-05-01,League,44
1254085,2021,2021-05-02,League,44
1254086,2021,2021-05-02,League,43
1254104,2021,2021-09-19,League,32
1254087,2021,2021-09-20,League,45
1254111,2021,2021-09-21,League,32
1254105,2021,2021-09-22,League,32
1254096,2021,2021-09-23,League,45
1254113,2021,2021-09-24,League,31
1254097,2021,2021-09-25,League,45
1254107,2021,2021-09-25,League,31
1254098,2021,2021-09-26,League,45
1254108,2021,2021-09-26,League,32
1254100,2021,2021-09-27,League,32
1254092,2021,2021-09-28,League,31
1254099,2021,2021-09-28,League,45
1254103,2021,2021-09-29,League,32
1254091,2021,2021-09-30,League,31
1254102,2021,2021-10-01,League,32
1254089,2021,2021-10-02,League,45
1254112,2021,2021-10-02,League,31
1254090,2021,2021-10-03,League,31
1254109,2021,2021-10-03,League,32
1254110,2021,2021-10-04,League,32
1254093,2021,2021-10-05,League,31
1254095,2021,2021-10-06,League,45
1254094,2021,2021-10-07,League,32
1254106,2021,2021-10-07,League,31
1254088,2021,2021-10-08,League,45
1254101,2021,2021-10-08,League,32
1254114,2021,2021-10-10,Qualifier 1,32
1254115,2021,2021-10-11,Eliminator,31
1254116,2021,2021-10-13,Qualifier 2,31
1254117,2021,2021-10-15,Final,32
1304047,2022,2022-03-26,League,42
1304048,2022,2022-03-27,League,20
1304049,2022,2022-03-27,League,46
1304050,2022,2022-03-28,League,42
1304051,2022,2022-03-29,League,47
1304052,2022,2022-03-30,League,46
1304053,2022,2022-03-31,League,20
1304054,2022,2022-04-01,League,42
1304055,2022,2022-04-02,League,46
1304056,2022,2022-04-02,League,47
1304057,2022,2022-04-03,League,20
1304058,2022,2022-04-04,League,46
1304059,2022,2022-04-05,League,42
1304060,2022,2022-04-06,League,47
1304061,2022,2022-04-07,League,46
1304062,2022,2022-04-08,League,20
1304063,2022,2022-04-09,League,46
1304064,2022,2022-04-09,League,47
1304065,2022,2022-04-10,League,20
1304066,2022,2022-04-10,League,42
1304067,2022,2022-04-11,League,46
1304068,2022,2022-04-12,League,46
1304069,2022,2022-04-13,League,47
1304070,2022,2022-04-14,League,46
1304071,2022,2022-04-15,League,20
1304072,2022,2022-04-16,League,20
1304073,2022,2022-04-16,League,42
1304074,2022,2022-04-17,League,46
1304075,2022,2022-04-17,League,47
1304076,2022,2022-04-18,League,20
1304077,2022,2022-04-19,League,46
1304078,2022,2022-04-20,League,20
1304079,2022,2022-04-21,League,46
1304080,2022,2022-04-22,League,42
1304081,2022,2022-04-23,League,46
1304082,2022,2022-04-23,League,20
1304083,2022,2022-04-24,League,42
1304084,2022,2022-04-25,League,42
1304085,2022,2022-04-26,League,47
1304086,2022,2022-04-27,League,42
1304087,2022,2022-04-28,League,42
1304088,2022,2022-04-29,League,47
1304089,2022,2022-04-30,League,20
1304090,2022,2022-04-30,League,46
1304091,2022,2022-05-01,League,42
1304092,2022,2022-05-01,League,47
1304093,2022,2022-05-02,League,42
1304094,2022,2022-05-03,League,46
1304095,2022,2022-05-04,League,47
1304096,2022,2022-05-05,League,20
1304097,2022,2022-05-06,League,20
1304098,2022,2022-05-07,League,42
1304099,2022,2022-05-07,League,47
1304100,2022,2022-05-08,League,42
1304101,2022,2022-05-08,League,46
1304102,2022,2022-05-09,League,46
1304103,2022,2022-05-10,League,47
1304104,2022,2022-05-11,League,46
1304105,2022,2022-05-12,League,42
1304106,2022,2022-05-13,League,20
1304107,2022,2022-05-14,League,47
1304108,2022,2022-05-15,League,42
1304109,2022,2022-05-15,League,20
1304110,2022,2022-05-16,League,46
1304111,2022,2022-05-17,League,42
1304112,2022,2022-05-18,League,46
1304113,2022,2022-05-19,League,42
1304114,2022,2022-05-20,League,20
1304115,2022,2022-05-21,League,42
1304116,2022,2022-05-22,League,42
1312197,2022,2022-05-24,Qualifier 1,48
1312198,2022,2022-05-25,Eliminator,48
1312199,2022,2022-05-27,Qualifier 2,43
1312200,2022,2022-05-29,Final,43
1359475,2023,2023-03-31,League,43
1359476,2023,2023-04-01,League,49
1359477,2023,2023-04-01,League,50
1359478,2023,2023-04-02,League,51
1359479,2023,2023-04-02,League,52
1359480,2023,2023-04-03,League,41
1359481,2023,2023-04-04,League,44
1359482,2023,2023-04-05,League,53
1359483,2023,2023-04-06,League,48
1359484,2023,2023-04-07,League,50
1359485,2023,2023-04-08,League,53
1359486,2023,2023-04-08,League,42
1359487,2023,2023-04-09,League,43
1359488,2023,2023-04-09,League,51
1359489,2023,2023-04-10,League,52
1359490,2023,2023-04-11,League,44
1359491,2023,2023-04-12,League,41
1359492,2023,2023-04-13,League,49
1359493,2023,2023-04-14,League,48
1359494,2023,2023-04-15,League,52
1359495,2023,2023-04-15,League,50
1359496,2023,2023-04-16,League,42
1359497,2023,2023-04-16,League,43
1359498,2023,2023-04-17,League,52
1359499,2023,2023-04-18,League,51
1359500,2023,2023-04-19,League,54
1359501,2023,2023-04-20,League,49
1359502,2023,2023-04-20,League,44
1359503,2023,2023-04-21,League,41
1359504,2023,2023-04-22,League,50
1359505,2023,2023-04-22,League,42
1359506,2023,2023-04-23,League,52
1359507,2023,2023-04-23,League,48
1359508,2023,2023-04-24,League,51
1359509,2023,2023-04-25,League,43
1359510,2023,2023-04-26,League,52
1359511,2023,2023-04-27,League,54
1359512,2023,2023-04-28,League,49
1359513,2023,2023-04-29,League,48
1359514,2023,2023-04-29,League,44
1359515,2023,2023-04-30,League,41
1359516,2023,2023-04-30,League,42
1359517,2023,2023-05-01,League,50
1359518,2023,2023-05-02,League,43
1359519,2023,2023-05-03,League,50
1359520,2023,2023-05-03,League,49
1359521,2023,2023-05-04,League,51
1359522,2023,2023-05-05,League,54
1359523,2023,2023-05-06,League,41
1359524,2023,2023-05-06,League,44
1359525,2023,2023-05-07,League,43
1359526,2023,2023-05-07,League,54
1359527,2023,2023-05-08,League,48
1359528,2023,2023-05-09,League,42
1359529,2023,2023-05-10,League,41
1359530,2023,2023-05-11,League,48
1359531,2023,2023-05-12,League,42
1359532,2023,2023-05-13,League,51
1359533,2023,2023-05-13,League,44
1359534,2023,2023-05-14,League,54
1359535,2023,2023-05-14,League,41
1359536,2023,2023-05-15,League,43
1359537,2023,2023-05-16,League,50
1359538,2023,2023-05-17,League,55
1359539,2023,2023-05-18,League,51
1359540,2023,2023-05-19,League,55
1359541,2023,2023-05-20,League,44
1359542,2023,2023-05-20,League,48
1359543,2023,2023-05-21,League,42
1359544,2023,2023-05-21,League,52
1370350,2023,2023-05-23,Qualifier 1,41
1370351,2023,2023-05-24,Eliminator,41
1370352,2023,2023-05-26,Qualifier 2,43
1370353,2023,2023-05-29,Final,43
1422119,2024,2024-03-22,League,41
1422120,2024,2024-03-23,League,56
1422121,2024,2024-03-23,League,48
1422122,2024,2024-03-24,League,54
1422123,2024,2024-03-24,League,43
1422124,2024,2024-03-25,League,52
1422125,2024,2024-03-26,League,41
1422126,2024,2024-03-27,League,51
1422127,2024,2024-03-28,League,54
1422128,2024,2024-03-29,League,52
1422129,2024,2024-03-30,League,50
1422130,2024,2024-03-31,League,43
1422131,2024,2024-03-31,League,57
1422132,2024,2024-04-01,League,42
1422133,2024,2024-04-02,League,52
1422134,2024,2024-04-03,League,57
1422135,2024,2024-04-04,League,43
1422136,2024,2024-04-05,League,51
1422137,2024,2024-04-06,League,54
1422138,2024,2024-04-07,League,42
1422139,2024,2024-04-07,League,50
1426260,2024,2024-04-08,League,41
1426261,2024,2024-04-09,League,56
1426262,2024,2024-04-10,League,54
1426263,2024,2024-04-11,League,42
1426264,2024,2024-04-12,League,50
1426265,2024,2024-04-13,League,56
1426266,2024,2024-04-14,League,48
1426267,2024,2024-04-14,League,42
1426268,2024,2024-04-15,League,52
1426269,2024,2024-04-16,League,48
1426270,2024,2024-04-17,League,43
1426271,2024,2024-04-18,League,56
1426272,2024,2024-04-19,League,50
1426273,2024,2024-04-20,League,44
1426274,2024,2024-04-21,League,48
1426275,2024,2024-04-21,League,56
1426276,2024,2024-04-22,League,54
1426277,2024,2024-04-23,League,41
1426278,2024,2024-04-24,League,44
1426279,2024,2024-04-25,League,51
1426280,2024,2024-04-26,League,48
1426281,2024,2024-04-27,League,44
1426282,2024,2024-04-27,League,50
1426283,2024,2024-04-28,League,43
1426284,2024,2024-04-28,League,41
1426285,2024,2024-04-29,League,48
1426286,2024,2024-04-30,League,50
1426287,2024,2024-05-01,League,41
1426288,2024,2024-05-02,League,51
1426289,2024,2024-05-03,League,42
1426290,2024,2024-05-04,League,52
1426291,2024,2024-05-05,League,55
1426292,2024,2024-05-05,League,50
1426293,2024,2024-05-06,League,42
1426294,2024,2024-05-07,League,44
1426295,2024,2024-05-08,League,51
1426296,2024,2024-05-09,League,55
1426297,2024,2024-05-10,League,43
1426298,2024,2024-05-11,League,48
1426299,2024,2024-05-12,League,41
1426300,2024,2024-05-12,League,52
1426302,2024,2024-05-14,League,44
1426303,2024,2024-05-15,League,53
1426305,2024,2024-05-17,League,42
1426306,2024,2024-05-18,League,52
1426307,2024,2024-05-19,League,51
1426309,2024,2024-05-21,Qualifier 1,43
1426310,2024,2024-05-22,Eliminator,43
1426311,2024,2024-05-24,Qualifier 2,41
1426312,2024,2024-05-26,Final,41
