match_id,winner_id,result,resut_margin,target_runs,target_over,super_over,method
335982,1.0,runs,140.0,223.0,20.0,N,
335983,3.0,runs,33.0,241.0,20.0,N,
335984,4.0,wickets,9.0,130.0,20.0,N,
335985,0.0,wickets,5.0,166.0,20.0,N,
335986,1.0,wickets,5.0,111.0,20.0,N,
335987,5.0,wickets,6.0,167.0,20.0,N,
335988,4.0,wickets,9.0,143.0,20.0,N,
335989,3.0,runs,6.0,209.0,20.0,N,
335990,5.0,wickets,3.0,215.0,20.0,N,
335991,2.0,runs,66.0,183.0,20.0,N,
335992,5.0,wickets,7.0,136.0,20.0,N,
335993,3.0,wickets,9.0,148.0,20.0,N,
335994,7.0,wickets,10.0,155.0,20.0,N,
335995,2.0,wickets,4.0,159.0,20.0,N,
335996,3.0,runs,13.0,179.0,20.0,N,
335997,6.0,wickets,7.0,138.0,20.0,N,
335998,4.0,runs,10.0,192.0,20.0,N,
335999,2.0,wickets,7.0,165.0,20.0,N,
336000,5.0,runs,45.0,197.0,20.0,N,
336001,4.0,wickets,8.0,170.0,20.0,N,
336003,2.0,runs,9.0,179.0,20.0,N,
336034,0.0,runs,3.0,157.0,20.0,N,
336004,6.0,runs,29.0,163.0,20.0,N,
336005,5.0,wickets,8.0,110.0,20.0,N,
336006,2.0,wickets,6.0,127.0,20.0,N,
336007,7.0,wickets,7.0,145.0,20.0,N,
336008,6.0,wickets,7.0,104.0,20.0,N,
336009,3.0,wickets,4.0,188.0,20.0,N,
336010,1.0,runs,5.0,130.0,16.0,N,
336011,5.0,wickets,8.0,141.0,20.0,N,
336013,3.0,runs,18.0,182.0,20.0,N,
336014,1.0,runs,23.0,205.0,20.0,N,
336015,5.0,wickets,3.0,157.0,20.0,N,
336016,2.0,wickets,9.0,144.0,20.0,N,
336017,1.0,runs,23.0,134.0,20.0,N,
336018,6.0,wickets,9.0,157.0,20.0,N,
336020,4.0,runs,12.0,195.0,20.0,N,
336021,6.0,wickets,8.0,68.0,20.0,N,
336022,2.0,runs,6.0,89.0,8.0,N,D/L
336023,5.0,runs,65.0,198.0,20.0,N,
336024,6.0,runs,25.0,179.0,20.0,N,
336025,3.0,runs,3.0,53.0,8.0,N,D/L
336026,4.0,wickets,5.0,155.0,20.0,N,
336027,5.0,wickets,6.0,148.0,20.0,N,
336028,2.0,runs,1.0,190.0,20.0,N,
336029,0.0,runs,14.0,127.0,20.0,N,
336031,2.0,wickets,6.0,176.0,20.0,N,
336032,4.0,wickets,5.0,177.0,20.0,N,
336033,5.0,runs,10.0,212.0,20.0,N,
336002,0.0,wickets,5.0,166.0,20.0,N,
336035,1.0,wickets,3.0,175.0,20.0,N,
336036,5.0,wickets,5.0,146.0,20.0,N,
336037,3.0,wickets,7.0,148.0,20.0,N,
336012,6.0,wickets,9.0,123.0,18.0,N,
336019,2.0,runs,41.0,222.0,20.0,N,
336038,5.0,runs,105.0,193.0,20.0,N,
336039,3.0,wickets,9.0,113.0,20.0,N,
336040,5.0,wickets,3.0,164.0,20.0,N,
392181,6.0,runs,19.0,166.0,20.0,N,
392182,0.0,runs,75.0,134.0,20.0,N,
392183,4.0,wickets,10.0,54.0,6.0,N,D/L
392184,7.0,wickets,8.0,102.0,20.0,N,
392185,3.0,runs,92.0,180.0,20.0,N,
392186,1.0,runs,11.0,69.0,9.2,N,D/L
392188,7.0,runs,24.0,185.0,20.0,N,
392189,4.0,runs,9.0,190.0,20.0,N,
392190,5.0,tie,,151.0,20.0,Y,
392191,2.0,wickets,7.0,169.0,20.0,N,
392192,7.0,runs,12.0,169.0,20.0,N,
392194,4.0,wickets,6.0,150.0,20.0,N,
392195,2.0,runs,27.0,140.0,20.0,N,
392196,7.0,wickets,6.0,166.0,20.0,N,
392197,6.0,runs,92.0,188.0,20.0,N,
392198,5.0,wickets,5.0,144.0,20.0,N,
392199,0.0,wickets,5.0,140.0,20.0,N,
392200,2.0,runs,3.0,120.0,20.0,N,
392201,4.0,wickets,6.0,149.0,20.0,N,
392202,3.0,runs,38.0,165.0,20.0,N,
392203,6.0,runs,9.0,149.0,20.0,N,
392204,0.0,runs,8.0,146.0,20.0,N,
392205,5.0,wickets,3.0,142.0,20.0,N,
392206,3.0,runs,18.0,164.0,20.0,N,
392207,2.0,wickets,6.0,154.0,20.0,N,
392208,0.0,wickets,9.0,150.0,20.0,N,
392209,3.0,runs,78.0,179.0,20.0,N,
392210,5.0,runs,78.0,212.0,20.0,N,
392211,4.0,wickets,9.0,155.0,20.0,N,
392212,7.0,runs,19.0,146.0,20.0,N,
392213,5.0,wickets,7.0,106.0,20.0,N,
392214,3.0,runs,12.0,187.0,18.0,N,D/L
392215,4.0,wickets,7.0,117.0,20.0,N,
392216,2.0,wickets,3.0,169.0,20.0,N,
392217,3.0,wickets,7.0,141.0,20.0,N,
392218,6.0,runs,16.0,158.0,20.0,N,
392219,4.0,wickets,7.0,124.0,20.0,N,
392220,7.0,runs,53.0,167.0,20.0,N,
392221,0.0,wickets,6.0,174.0,20.0,N,
392222,6.0,wickets,8.0,120.0,20.0,N,
392223,4.0,runs,12.0,174.0,20.0,N,
392224,0.0,wickets,2.0,130.0,20.0,N,
392225,5.0,runs,2.0,146.0,20.0,N,
392226,2.0,wickets,6.0,121.0,20.0,N,
392227,3.0,wickets,7.0,148.0,20.0,N,
392228,7.0,wickets,6.0,161.0,20.0,N,
392229,2.0,runs,1.0,135.0,20.0,N,
392230,4.0,runs,14.0,151.0,20.0,N,
392231,1.0,wickets,7.0,189.0,20.0,N,
392232,0.0,wickets,7.0,135.0,20.0,N,
392233,1.0,wickets,4.0,102.0,20.0,N,
392234,3.0,runs,24.0,117.0,20.0,N,
392235,4.0,wickets,4.0,166.0,20.0,N,
392236,0.0,runs,12.0,171.0,20.0,N,
392237,7.0,wickets,6.0,154.0,20.0,N,
392238,0.0,wickets,6.0,147.0,20.0,N,
392239,7.0,runs,6.0,144.0,20.0,N,
419106,1.0,runs,11.0,162.0,20.0,N,
419107,6.0,runs,4.0,213.0,20.0,N,
419108,4.0,wickets,5.0,143.0,20.0,N,
419109,1.0,wickets,7.0,136.0,20.0,N,
419110,7.0,runs,31.0,191.0,20.0,N,
419111,4.0,wickets,6.0,142.0,20.0,N,
419112,0.0,wickets,8.0,204.0,20.0,N,
419113,3.0,runs,55.0,165.0,20.0,N,
419114,6.0,runs,98.0,219.0,20.0,N,
419115,0.0,wickets,10.0,93.0,20.0,N,
419116,3.0,wickets,5.0,186.0,20.0,N,
419117,7.0,runs,6.0,171.0,20.0,N,
419118,5.0,runs,34.0,169.0,20.0,N,
419119,0.0,wickets,7.0,152.0,20.0,N,
419120,7.0,runs,10.0,172.0,20.0,N,
419121,2.0,tie,,137.0,20.0,Y,
419122,6.0,wickets,7.0,156.0,20.0,N,
419123,0.0,runs,36.0,172.0,20.0,N,
419124,5.0,runs,31.0,184.0,20.0,N,
419125,6.0,wickets,5.0,181.0,20.0,N,
419128,4.0,runs,17.0,184.0,20.0,N,
419126,5.0,wickets,8.0,149.0,20.0,N,
419127,1.0,runs,39.0,184.0,20.0,N,
419129,5.0,runs,17.0,178.0,20.0,N,
419130,6.0,runs,41.0,173.0,20.0,N,
419131,4.0,runs,40.0,178.0,20.0,N,
419132,6.0,wickets,4.0,164.0,20.0,N,
419133,3.0,wickets,5.0,162.0,20.0,N,
419134,4.0,runs,67.0,189.0,20.0,N,
419135,1.0,runs,24.0,182.0,20.0,N,
419136,0.0,wickets,6.0,182.0,20.0,N,
419137,3.0,runs,23.0,247.0,20.0,N,
419138,6.0,runs,63.0,179.0,20.0,N,
419139,2.0,wickets,8.0,201.0,20.0,N,
419140,4.0,runs,37.0,185.0,20.0,N,
419141,5.0,runs,2.0,160.0,20.0,N,
419142,3.0,runs,24.0,166.0,20.0,N,
419143,5.0,wickets,9.0,154.0,20.0,N,
419144,1.0,runs,14.0,182.0,20.0,N,
419145,7.0,wickets,7.0,185.0,20.0,N,
419146,2.0,wickets,6.0,155.0,20.0,N,
419147,7.0,wickets,6.0,139.0,20.0,N,
419148,0.0,wickets,7.0,161.0,20.0,N,
419149,2.0,wickets,7.0,112.0,20.0,N,
419150,6.0,runs,37.0,175.0,20.0,N,
419151,7.0,runs,13.0,152.0,20.0,N,
419152,6.0,runs,39.0,184.0,20.0,N,
419153,3.0,wickets,9.0,140.0,20.0,N,
419154,0.0,wickets,5.0,131.0,20.0,N,
419155,4.0,wickets,6.0,113.0,20.0,N,
419156,7.0,wickets,5.0,175.0,20.0,N,
419157,6.0,runs,57.0,192.0,20.0,N,
419158,1.0,wickets,8.0,133.0,20.0,N,
419159,3.0,wickets,6.0,193.0,20.0,N,
419160,7.0,runs,11.0,146.0,20.0,N,
419161,1.0,wickets,9.0,134.0,20.0,N,
419162,6.0,runs,35.0,185.0,20.0,N,
419163,3.0,runs,38.0,143.0,20.0,N,
419164,0.0,wickets,9.0,83.0,20.0,N,
419165,3.0,runs,22.0,169.0,20.0,N,
501198,3.0,runs,2.0,154.0,20.0,N,
501199,5.0,wickets,8.0,138.0,20.0,N,
501200,0.0,wickets,6.0,162.0,20.0,N,
501201,6.0,wickets,8.0,96.0,20.0,N,
501202,9.0,wickets,7.0,113.0,20.0,N,
501203,1.0,runs,9.0,164.0,20.0,N,
501204,5.0,wickets,6.0,152.0,20.0,N,
501205,6.0,wickets,9.0,141.0,20.0,N,
501206,2.0,wickets,6.0,189.0,20.0,N,
501207,9.0,wickets,4.0,149.0,20.0,N,
501208,7.0,runs,33.0,176.0,20.0,N,
501209,1.0,wickets,9.0,160.0,20.0,N,
501210,8.0,wickets,8.0,183.0,20.0,N,
501211,3.0,runs,21.0,184.0,20.0,N,
501212,2.0,wickets,8.0,166.0,20.0,N,
501213,4.0,wickets,3.0,188.0,20.0,N,
501214,1.0,wickets,8.0,82.0,20.0,N,
501215,8.0,wickets,7.0,135.0,17.0,N,D/L
501216,7.0,runs,16.0,169.0,20.0,N,
501218,6.0,wickets,7.0,119.0,20.0,N,
501219,8.0,runs,6.0,133.0,20.0,N,
501220,2.0,runs,48.0,196.0,20.0,N,
501221,6.0,runs,8.0,165.0,20.0,N,
501222,0.0,wickets,9.0,172.0,20.0,N,
501223,4.0,runs,29.0,232.0,20.0,N,
501224,6.0,runs,37.0,173.0,20.0,N,
501225,5.0,wickets,8.0,110.0,20.0,N,
501226,3.0,runs,25.0,143.0,20.0,N,
501227,0.0,wickets,3.0,161.0,20.0,N,
501228,3.0,wickets,8.0,142.0,20.0,N,
501229,7.0,runs,55.0,130.0,20.0,N,
501230,1.0,runs,17.0,149.0,20.0,N,
501231,5.0,wickets,7.0,95.0,20.0,N,
501232,0.0,runs,26.0,182.0,20.0,N,
501233,4.0,runs,38.0,158.0,20.0,N,
501234,1.0,wickets,8.0,120.0,20.0,N,
501235,5.0,wickets,6.0,144.0,20.0,N,
501236,3.0,runs,19.0,166.0,20.0,N,
501237,6.0,runs,23.0,160.0,20.0,N,
501238,8.0,wickets,7.0,141.0,20.0,N,
501239,1.0,runs,20.0,170.0,20.0,N,
501240,3.0,wickets,8.0,148.0,20.0,N,
501241,6.0,runs,21.0,161.0,20.0,N,
501242,8.0,runs,17.0,157.0,20.0,N,
501243,4.0,wickets,4.0,176.0,20.0,N,
501244,0.0,runs,85.0,206.0,20.0,N,
501245,1.0,runs,10.0,52.0,10.0,N,D/L
501246,6.0,runs,32.0,179.0,20.0,N,
501247,0.0,wickets,9.0,126.0,20.0,N,
501248,9.0,wickets,5.0,120.0,20.0,N,
501249,3.0,runs,63.0,197.0,20.0,N,
501250,9.0,wickets,6.0,137.0,20.0,N,
501251,2.0,runs,76.0,164.0,20.0,N,
501252,0.0,wickets,9.0,147.0,20.0,N,
501253,3.0,runs,18.0,177.0,20.0,N,
501254,2.0,wickets,6.0,179.0,20.0,N,
501255,0.0,wickets,4.0,102.0,13.0,N,D/L
501256,7.0,runs,10.0,136.0,20.0,N,
501257,2.0,runs,29.0,171.0,20.0,N,
501258,8.0,wickets,8.0,98.0,20.0,N,
501259,7.0,wickets,6.0,137.0,20.0,N,
501260,2.0,runs,111.0,233.0,20.0,N,
501261,3.0,runs,11.0,153.0,20.0,N,
501262,1.0,wickets,7.0,119.0,20.0,N,
501263,5.0,wickets,10.0,134.0,20.0,N,
501264,7.0,runs,82.0,199.0,20.0,N,
501265,,no result,,,,N,
501266,0.0,wickets,8.0,129.0,20.0,N,
501267,6.0,wickets,5.0,176.0,20.0,N,
501268,3.0,wickets,6.0,176.0,20.0,N,
501269,6.0,wickets,4.0,148.0,20.0,N,
501270,0.0,runs,43.0,186.0,20.0,N,
501271,3.0,runs,58.0,206.0,20.0,N,
548306,6.0,wickets,8.0,113.0,20.0,N,
548307,4.0,wickets,8.0,98.0,12.0,N,
548308,9.0,runs,28.0,130.0,20.0,N,
548309,5.0,runs,31.0,192.0,20.0,N,
548310,0.0,runs,20.0,158.0,20.0,N,
548311,3.0,runs,74.0,194.0,20.0,N,
548312,5.0,runs,22.0,165.0,20.0,N,
548313,9.0,runs,22.0,167.0,20.0,N,
548314,6.0,wickets,5.0,139.0,20.0,N,
548315,1.0,runs,42.0,166.0,20.0,N,
548316,4.0,wickets,8.0,111.0,20.0,N,
548317,6.0,runs,27.0,198.0,20.0,N,
548318,3.0,wickets,5.0,206.0,20.0,N,
548319,2.0,wickets,7.0,116.0,20.0,N,
548320,1.0,wickets,5.0,132.0,20.0,N,
548322,9.0,wickets,7.0,156.0,20.0,N,
548323,2.0,runs,2.0,135.0,20.0,N,
548324,5.0,runs,59.0,196.0,20.0,N,
548325,4.0,wickets,7.0,93.0,20.0,N,
548326,5.0,wickets,5.0,197.0,20.0,N,
548327,0.0,wickets,6.0,183.0,20.0,N,
548328,1.0,wickets,8.0,125.0,20.0,N,
548321,4.0,wickets,5.0,158.0,20.0,N,
548330,3.0,runs,13.0,165.0,20.0,N,
548331,0.0,wickets,5.0,164.0,20.0,N,
548332,3.0,wickets,7.0,147.0,20.0,N,
548333,9.0,runs,20.0,193.0,20.0,N,
548334,2.0,wickets,6.0,164.0,20.0,N,
548335,1.0,wickets,5.0,127.0,20.0,N,
548336,0.0,runs,46.0,190.0,20.0,N,
548337,4.0,wickets,8.0,147.0,20.0,N,
548339,6.0,wickets,4.0,169.0,20.0,N,
548341,7.0,runs,18.0,178.0,20.0,N,
548342,4.0,runs,37.0,208.0,20.0,N,
548343,2.0,runs,7.0,157.0,20.0,N,
548344,1.0,runs,47.0,191.0,20.0,N,
548345,4.0,runs,1.0,153.0,20.0,N,
548346,6.0,wickets,5.0,101.0,20.0,N,
548347,1.0,wickets,5.0,140.0,20.0,N,
548348,7.0,runs,13.0,187.0,20.0,N,
548349,4.0,wickets,6.0,142.0,20.0,N,
548350,2.0,wickets,4.0,159.0,20.0,N,
548351,6.0,runs,1.0,121.0,20.0,N,
548352,3.0,runs,10.0,161.0,20.0,N,
548353,1.0,runs,7.0,151.0,20.0,N,
548354,5.0,runs,43.0,178.0,20.0,N,
548355,6.0,wickets,2.0,174.0,20.0,N,
548356,0.0,wickets,5.0,182.0,20.0,N,
548357,1.0,wickets,6.0,154.0,20.0,N,
548358,5.0,wickets,7.0,126.0,20.0,N,
548359,2.0,runs,25.0,171.0,20.0,N,
548360,0.0,wickets,9.0,142.0,20.0,N,
548329,4.0,wickets,9.0,188.0,20.0,N,
548361,3.0,wickets,4.0,127.0,20.0,N,
548362,0.0,runs,35.0,174.0,20.0,N,
548363,6.0,runs,27.0,183.0,20.0,N,
548364,3.0,wickets,9.0,115.0,20.0,N,
548365,5.0,runs,45.0,171.0,20.0,N,
548366,2.0,wickets,4.0,191.0,20.0,N,
548367,6.0,wickets,5.0,172.0,20.0,N,
548368,3.0,wickets,5.0,159.0,20.0,N,
548369,4.0,wickets,5.0,137.0,20.0,N,
548370,1.0,runs,32.0,141.0,20.0,N,
548371,2.0,wickets,6.0,121.0,20.0,N,
548372,0.0,runs,21.0,216.0,20.0,N,
548373,7.0,wickets,5.0,127.0,20.0,N,
548374,4.0,wickets,6.0,142.0,20.0,N,
548375,1.0,runs,34.0,137.0,20.0,N,
548376,7.0,runs,9.0,133.0,20.0,N,
548377,6.0,wickets,10.0,163.0,20.0,N,
548378,1.0,runs,18.0,163.0,20.0,N,
548379,3.0,runs,38.0,188.0,20.0,N,
548380,3.0,runs,86.0,223.0,20.0,N,
548381,1.0,wickets,5.0,191.0,20.0,N,
597998,1.0,wickets,6.0,129.0,20.0,N,
597999,0.0,runs,2.0,157.0,20.0,N,
598000,10.0,runs,22.0,127.0,20.0,N,
598001,5.0,runs,5.0,166.0,20.0,N,
598002,6.0,runs,9.0,149.0,20.0,N,
598003,2.0,wickets,8.0,100.0,20.0,N,
598004,10.0,tie,,131.0,20.0,Y,
598005,5.0,runs,19.0,145.0,20.0,N,
598006,6.0,runs,44.0,210.0,20.0,N,
598048,0.0,wickets,7.0,162.0,20.0,N,
598007,3.0,wickets,10.0,139.0,20.0,N,
598008,0.0,wickets,8.0,155.0,20.0,N,
598009,9.0,wickets,7.0,146.0,20.0,N,
598010,10.0,wickets,3.0,115.0,20.0,N,
598011,6.0,runs,41.0,184.0,20.0,N,
598012,3.0,wickets,4.0,166.0,20.0,N,
598013,1.0,runs,48.0,181.0,20.0,N,
598014,5.0,wickets,6.0,125.0,20.0,N,
598015,9.0,runs,24.0,160.0,20.0,N,
598016,2.0,runs,4.0,158.0,20.0,N,
598017,0.0,tie,,153.0,20.0,Y,
598018,10.0,runs,11.0,120.0,20.0,N,
598019,5.0,runs,87.0,180.0,20.0,N,
598020,3.0,runs,86.0,170.0,20.0,N,
598021,10.0,wickets,5.0,124.0,20.0,N,
598022,3.0,wickets,4.0,120.0,20.0,N,
598023,0.0,wickets,7.0,118.0,20.0,N,
598024,4.0,wickets,9.0,162.0,20.0,N,
598025,2.0,wickets,7.0,186.0,20.0,N,
598026,3.0,wickets,5.0,186.0,20.0,N,
598027,0.0,runs,130.0,264.0,20.0,N,
598059,2.0,wickets,5.0,121.0,20.0,N,
598029,6.0,wickets,5.0,160.0,20.0,N,
598030,3.0,wickets,5.0,160.0,20.0,N,
598031,1.0,wickets,6.0,150.0,20.0,N,
598032,5.0,wickets,8.0,145.0,20.0,N,
598033,6.0,runs,58.0,195.0,20.0,N,
598034,3.0,runs,14.0,201.0,20.0,N,
598035,4.0,runs,15.0,165.0,20.0,N,
598036,5.0,wickets,4.0,172.0,20.0,N,
598037,6.0,runs,4.0,175.0,20.0,N,
598038,3.0,runs,37.0,165.0,20.0,N,
598039,10.0,wickets,7.0,130.0,20.0,N,
598040,4.0,wickets,7.0,137.0,20.0,N,
598041,3.0,runs,15.0,187.0,20.0,N,
598042,0.0,runs,17.0,188.0,20.0,N,
598043,1.0,wickets,8.0,133.0,20.0,N,
598044,10.0,wickets,6.0,81.0,20.0,N,
598046,6.0,runs,60.0,140.0,20.0,N,
598047,5.0,wickets,5.0,179.0,20.0,N,
598064,2.0,wickets,6.0,191.0,20.0,N,
598049,5.0,wickets,9.0,155.0,20.0,N,
598050,6.0,runs,65.0,171.0,20.0,N,
598051,3.0,runs,77.0,224.0,20.0,N,
598052,5.0,wickets,8.0,146.0,20.0,N,
598053,1.0,runs,46.0,153.0,20.0,N,
598054,0.0,runs,4.0,184.0,20.0,N,
598055,6.0,wickets,5.0,113.0,20.0,N,
598056,10.0,runs,30.0,151.0,20.0,N,
598057,1.0,wickets,5.0,116.0,20.0,N,
598058,5.0,wickets,5.0,142.0,20.0,N,
598060,6.0,wickets,7.0,179.0,20.0,N,
598045,2.0,wickets,7.0,175.0,20.0,N,
598062,3.0,runs,33.0,169.0,20.0,N,
598061,9.0,runs,7.0,171.0,20.0,N,
598063,6.0,runs,14.0,167.0,20.0,N,
598028,2.0,runs,7.0,172.0,20.0,N,
598065,10.0,runs,23.0,137.0,20.0,N,
598066,2.0,runs,50.0,184.0,20.0,N,
598068,0.0,runs,24.0,107.0,8.0,N,
598067,9.0,runs,38.0,173.0,20.0,N,
598069,10.0,wickets,5.0,131.0,20.0,N,
598070,3.0,runs,48.0,193.0,20.0,N,
598071,5.0,wickets,4.0,133.0,20.0,N,
598072,6.0,wickets,4.0,166.0,20.0,N,
598073,6.0,runs,23.0,149.0,20.0,N,
729279,1.0,runs,41.0,164.0,20.0,N,
729281,0.0,wickets,8.0,146.0,20.0,N,
729283,2.0,wickets,6.0,206.0,20.0,N,
729285,5.0,wickets,4.0,134.0,20.0,N,
729287,0.0,wickets,7.0,116.0,20.0,N,
729289,4.0,wickets,4.0,167.0,20.0,N,
729291,2.0,wickets,7.0,192.0,20.0,N,
729293,3.0,runs,93.0,178.0,20.0,N,
729295,2.0,runs,72.0,194.0,20.0,N,
729297,3.0,runs,7.0,141.0,20.0,N,
729299,1.0,runs,2.0,151.0,20.0,N,
729301,10.0,runs,4.0,185.0,20.0,N,
729303,3.0,wickets,7.0,142.0,20.0,N,
729305,5.0,wickets,6.0,71.0,20.0,N,
729307,2.0,runs,23.0,133.0,20.0,N,
729309,4.0,wickets,6.0,126.0,20.0,N,
729311,3.0,wickets,5.0,146.0,20.0,N,
729313,2.0,wickets,5.0,125.0,20.0,N,
729315,5.0,tie,,153.0,20.0,Y,
729317,10.0,runs,15.0,173.0,20.0,N,
733971,3.0,runs,34.0,149.0,17.0,N,
733973,6.0,wickets,5.0,169.0,20.0,N,
733975,5.0,wickets,7.0,153.0,20.0,N,
733977,0.0,wickets,4.0,156.0,20.0,N,
733979,5.0,runs,10.0,171.0,20.0,N,
733981,3.0,wickets,8.0,179.0,20.0,N,
733983,6.0,runs,19.0,188.0,20.0,N,
733985,1.0,wickets,8.0,161.0,20.0,N,
733987,2.0,runs,44.0,232.0,20.0,N,
733989,10.0,runs,32.0,135.0,20.0,N,
733991,2.0,runs,32.0,199.0,20.0,N,
733993,10.0,wickets,8.0,43.0,5.0,N,D/L
733995,3.0,wickets,4.0,158.0,20.0,N,
733997,1.0,wickets,9.0,150.0,20.0,N,
733999,5.0,wickets,5.0,191.0,20.0,N,
734001,6.0,wickets,7.0,158.0,20.0,N,
734003,3.0,wickets,5.0,149.0,20.0,N,
734005,0.0,runs,16.0,187.0,20.0,N,
734007,2.0,wickets,6.0,206.0,20.0,N,
734009,1.0,wickets,6.0,142.0,20.0,N,
734011,5.0,runs,62.0,202.0,20.0,N,
734013,0.0,wickets,5.0,139.0,20.0,N,
734015,1.0,wickets,7.0,143.0,20.0,N,
734017,6.0,runs,25.0,179.0,20.0,N,
734019,2.0,wickets,4.0,165.0,20.0,N,
734021,10.0,wickets,7.0,161.0,20.0,N,
734023,1.0,wickets,8.0,155.0,20.0,N,
734025,6.0,wickets,7.0,157.0,20.0,N,
734027,1.0,runs,30.0,196.0,20.0,N,
734029,10.0,wickets,6.0,186.0,20.0,N,
734031,6.0,runs,15.0,174.0,20.0,N,
734033,2.0,runs,16.0,180.0,20.0,N,
734035,3.0,wickets,8.0,155.0,20.0,N,
734037,1.0,wickets,4.0,161.0,20.0,N,
734039,2.0,wickets,7.0,116.0,20.0,N,
734041,6.0,wickets,5.0,190.0,20.0,N,
734043,1.0,runs,28.0,164.0,20.0,N,
734045,3.0,wickets,7.0,174.0,20.0,N,
734047,2.0,runs,24.0,227.0,20.0,N,
734049,1.0,wickets,3.0,200.0,20.0,N,
829705,1.0,wickets,7.0,169.0,20.0,N,
829707,3.0,runs,1.0,151.0,20.0,N,
829709,5.0,runs,26.0,163.0,20.0,N,
829711,3.0,runs,45.0,210.0,20.0,N,
829713,0.0,wickets,3.0,178.0,20.0,N,
829715,5.0,wickets,3.0,185.0,20.0,N,
829717,2.0,runs,18.0,178.0,20.0,N,
829719,10.0,wickets,8.0,167.0,20.0,N,
829721,5.0,wickets,7.0,165.0,20.0,N,
829725,4.0,wickets,5.0,166.0,20.0,N,
829727,5.0,wickets,6.0,128.0,20.0,N,
829729,3.0,wickets,6.0,184.0,20.0,N,
829731,4.0,runs,4.0,168.0,20.0,N,
829733,1.0,wickets,4.0,156.0,20.0,N,
829735,5.0,wickets,8.0,157.0,20.0,N,
829737,6.0,runs,18.0,210.0,20.0,N,
829739,1.0,wickets,6.0,147.0,20.0,N,
829741,2.0,tie,,192.0,20.0,Y,
829743,10.0,runs,16.0,118.0,12.0,N,D/L
829745,3.0,runs,27.0,182.0,20.0,N,
829747,4.0,runs,37.0,191.0,20.0,N,
829749,0.0,wickets,9.0,131.0,20.0,N,
829751,6.0,runs,20.0,158.0,20.0,N,
829753,3.0,runs,97.0,193.0,20.0,N,
829757,0.0,wickets,10.0,96.0,20.0,N,
829759,10.0,runs,20.0,151.0,20.0,N,
829765,3.0,runs,2.0,135.0,20.0,N,
829763,,no result,,,,N,
829723,1.0,wickets,7.0,166.0,20.0,N,
829767,4.0,wickets,9.0,119.0,20.0,N,
829769,6.0,runs,8.0,188.0,20.0,N,
829771,0.0,wickets,7.0,112.0,10.0,N,
829773,10.0,runs,22.0,193.0,20.0,N,
829775,6.0,runs,23.0,173.0,20.0,N,
829777,5.0,runs,14.0,190.0,20.0,N,
829779,3.0,runs,24.0,149.0,20.0,N,
829781,1.0,runs,35.0,168.0,20.0,N,
829783,6.0,wickets,5.0,153.0,20.0,N,
829785,0.0,runs,138.0,227.0,20.0,N,
829761,1.0,runs,13.0,172.0,20.0,N,
829787,10.0,runs,7.0,202.0,20.0,N,
829789,6.0,wickets,6.0,159.0,20.0,N,
829791,1.0,wickets,1.0,184.0,20.0,N,
829793,10.0,runs,6.0,164.0,20.0,N,
829795,0.0,runs,39.0,236.0,20.0,N,
829797,3.0,runs,12.0,158.0,20.0,N,
829799,10.0,runs,5.0,186.0,20.0,N,
829801,4.0,wickets,6.0,120.0,20.0,N,
829803,2.0,runs,22.0,107.0,10.0,N,
829805,6.0,runs,5.0,172.0,20.0,N,
829807,0.0,wickets,6.0,81.0,6.0,N,D/L
829809,3.0,wickets,7.0,131.0,20.0,N,
829811,5.0,runs,9.0,200.0,20.0,N,
829813,,no result,,188.0,20.0,N,
829815,6.0,wickets,9.0,114.0,20.0,N,
829817,6.0,runs,25.0,188.0,20.0,N,
829819,0.0,runs,71.0,181.0,20.0,N,
829821,3.0,wickets,3.0,140.0,20.0,N,
829823,6.0,runs,41.0,203.0,20.0,N,
980901,11.0,wickets,9.0,122.0,20.0,N,
980903,1.0,wickets,9.0,99.0,20.0,N,
980905,12.0,wickets,5.0,162.0,20.0,N,
980907,0.0,runs,45.0,228.0,20.0,N,
980909,6.0,wickets,6.0,188.0,20.0,N,
980911,12.0,wickets,7.0,164.0,20.0,N,
980913,4.0,wickets,8.0,112.0,20.0,N,
980915,1.0,wickets,8.0,143.0,20.0,N,
980917,12.0,wickets,3.0,144.0,20.0,N,
980919,2.0,wickets,6.0,153.0,20.0,N,
980921,4.0,wickets,7.0,192.0,20.0,N,
980923,10.0,wickets,7.0,143.0,20.0,N,
980925,1.0,wickets,6.0,139.0,20.0,N,
980927,6.0,wickets,6.0,171.0,20.0,N,
980929,10.0,wickets,10.0,136.0,20.0,N,
980931,0.0,runs,13.0,186.0,20.0,N,
980933,4.0,runs,10.0,165.0,20.0,N,
980935,10.0,wickets,5.0,144.0,20.0,N,
980937,12.0,wickets,6.0,181.0,20.0,N,
980939,1.0,wickets,2.0,161.0,20.0,N,
980941,6.0,runs,25.0,190.0,20.0,N,
980943,11.0,runs,34.0,61.0,11.0,N,D/L
980945,12.0,runs,1.0,173.0,20.0,N,
980947,6.0,wickets,6.0,175.0,20.0,N,
980949,12.0,wickets,3.0,196.0,20.0,N,
980951,4.0,runs,27.0,187.0,20.0,N,
980953,10.0,runs,15.0,195.0,20.0,N,
980955,2.0,runs,23.0,155.0,20.0,N,
980957,6.0,wickets,8.0,160.0,20.0,N,
980959,1.0,wickets,5.0,186.0,20.0,N,
980961,4.0,wickets,8.0,150.0,20.0,N,
980963,1.0,runs,7.0,165.0,20.0,N,
980965,11.0,wickets,7.0,163.0,20.0,N,
980967,10.0,wickets,5.0,127.0,20.0,N,
980969,0.0,wickets,7.0,192.0,20.0,N,
980971,2.0,runs,9.0,182.0,20.0,N,
980973,10.0,runs,85.0,178.0,20.0,N,
980975,12.0,wickets,5.0,159.0,20.0,N,
980977,0.0,runs,1.0,176.0,20.0,N,
980979,10.0,runs,4.0,138.0,20.0,N,
980981,6.0,wickets,6.0,152.0,20.0,N,
980983,4.0,wickets,7.0,147.0,20.0,N,
980985,2.0,wickets,7.0,125.0,20.0,N,
980987,0.0,runs,144.0,249.0,20.0,N,
980989,1.0,wickets,8.0,66.0,9.0,N,D/L
980991,10.0,wickets,7.0,180.0,20.0,N,
980993,6.0,runs,80.0,207.0,20.0,N,
980995,0.0,wickets,9.0,184.0,20.0,N,
980997,11.0,runs,19.0,58.0,11.0,N,D/L
980999,0.0,runs,82.0,203.0,14.0,N,D/L
981001,12.0,wickets,6.0,125.0,20.0,N,
981003,4.0,wickets,6.0,159.0,20.0,N,
981005,11.0,wickets,4.0,173.0,20.0,N,
981007,12.0,wickets,6.0,173.0,20.0,N,
981009,1.0,runs,22.0,172.0,20.0,N,
981011,0.0,wickets,6.0,139.0,20.0,N,
981013,0.0,wickets,4.0,159.0,20.0,N,
981015,10.0,runs,22.0,163.0,20.0,N,
981017,10.0,wickets,4.0,163.0,20.0,N,
981019,10.0,runs,8.0,209.0,20.0,N,
1082591,10.0,runs,35.0,208.0,20.0,N,
1082592,13.0,wickets,7.0,185.0,20.0,N,
1082593,1.0,wickets,10.0,184.0,20.0,N,
1082594,2.0,wickets,6.0,164.0,20.0,N,
1082595,0.0,runs,15.0,158.0,20.0,N,
1082596,10.0,wickets,9.0,136.0,20.0,N,
1082597,6.0,wickets,4.0,179.0,20.0,N,
1082598,2.0,wickets,8.0,149.0,20.0,N,
1082599,4.0,runs,97.0,206.0,20.0,N,
1082600,6.0,wickets,4.0,159.0,20.0,N,
1082601,1.0,wickets,8.0,171.0,20.0,N,
1082602,6.0,wickets,4.0,143.0,20.0,N,
1082603,12.0,wickets,7.0,172.0,20.0,N,
1082604,1.0,runs,17.0,173.0,20.0,N,
1082605,4.0,runs,51.0,189.0,20.0,N,
1082606,6.0,wickets,6.0,177.0,20.0,N,
1082607,13.0,runs,27.0,162.0,20.0,N,
1082608,1.0,wickets,4.0,169.0,20.0,N,
1082609,10.0,runs,5.0,160.0,20.0,N,
1082610,0.0,runs,21.0,214.0,20.0,N,
1082611,10.0,runs,15.0,192.0,20.0,N,
1082612,6.0,wickets,8.0,199.0,20.0,N,
1082613,12.0,wickets,4.0,188.0,20.0,N,
1082614,6.0,runs,14.0,143.0,20.0,N,
1082615,13.0,wickets,6.0,177.0,20.0,N,
1082616,2.0,runs,26.0,189.0,20.0,N,
1082617,1.0,runs,82.0,132.0,20.0,N,
1082618,13.0,runs,3.0,161.0,20.0,N,
1082620,1.0,wickets,7.0,183.0,20.0,N,
1082621,12.0,wickets,7.0,135.0,20.0,N,
1082622,1.0,wickets,7.0,161.0,20.0,N,
1082623,10.0,runs,26.0,208.0,20.0,N,
1082624,13.0,runs,61.0,158.0,20.0,N,
1082625,6.0,tie,,154.0,20.0,Y,
1082626,2.0,wickets,10.0,68.0,20.0,N,
1082627,10.0,runs,48.0,210.0,20.0,N,
1082628,6.0,wickets,5.0,163.0,20.0,N,
1082629,13.0,wickets,5.0,162.0,20.0,N,
1082630,4.0,wickets,6.0,186.0,20.0,N,
1082631,13.0,wickets,4.0,156.0,20.0,N,
1082632,4.0,wickets,7.0,209.0,20.0,N,
1082633,2.0,runs,19.0,139.0,20.0,N,
1082634,13.0,runs,12.0,149.0,20.0,N,
1082635,6.0,runs,146.0,213.0,20.0,N,
1082636,1.0,wickets,6.0,159.0,20.0,N,
1082637,12.0,wickets,6.0,190.0,20.0,N,
1082638,10.0,wickets,7.0,139.0,20.0,N,
1082639,2.0,runs,14.0,168.0,20.0,N,
1082640,4.0,wickets,2.0,196.0,20.0,N,
1082641,2.0,runs,7.0,231.0,20.0,N,
1082642,4.0,runs,7.0,169.0,20.0,N,
1082643,10.0,wickets,8.0,155.0,20.0,N,
1082644,6.0,runs,9.0,174.0,20.0,N,
1082645,13.0,wickets,9.0,74.0,20.0,N,
1082646,0.0,runs,10.0,162.0,20.0,N,
1082647,13.0,runs,20.0,163.0,20.0,N,
1082648,1.0,wickets,7.0,48.0,6.0,N,D/L
1082649,6.0,wickets,6.0,108.0,20.0,N,
1082650,6.0,runs,1.0,130.0,20.0,N,
1136561,3.0,wickets,1.0,166.0,20.0,N,
1136562,2.0,wickets,6.0,167.0,20.0,N,
1136563,1.0,wickets,4.0,177.0,20.0,N,
1136564,10.0,wickets,9.0,126.0,20.0,N,
1136565,3.0,wickets,5.0,203.0,20.0,N,
1136566,5.0,runs,10.0,71.0,6.0,N,D/L
1136567,10.0,wickets,1.0,148.0,20.0,N,
1136568,0.0,wickets,4.0,156.0,20.0,N,
1136569,4.0,wickets,7.0,195.0,20.0,N,
1136570,10.0,wickets,5.0,139.0,20.0,N,
1136571,5.0,runs,19.0,218.0,20.0,N,
1136572,2.0,runs,4.0,198.0,20.0,N,
1136573,1.0,runs,71.0,201.0,20.0,N,
1136574,6.0,runs,46.0,214.0,20.0,N,
1136575,1.0,wickets,7.0,161.0,20.0,N,
1136576,2.0,runs,15.0,194.0,20.0,N,
1136577,3.0,runs,64.0,205.0,20.0,N,
1136578,2.0,wickets,9.0,125.0,13.0,N,D/L
1136579,0.0,wickets,6.0,175.0,20.0,N,
1136580,3.0,runs,4.0,183.0,20.0,N,
1136581,5.0,wickets,3.0,168.0,20.0,N,
1136582,2.0,runs,4.0,144.0,20.0,N,
1136583,10.0,runs,31.0,119.0,20.0,N,
1136584,3.0,wickets,5.0,206.0,20.0,N,
1136585,10.0,runs,13.0,133.0,20.0,N,
1136586,4.0,runs,55.0,220.0,20.0,N,
1136587,6.0,wickets,8.0,170.0,20.0,N,
1136588,10.0,runs,11.0,152.0,20.0,N,
1136589,1.0,wickets,6.0,176.0,20.0,N,
1136590,3.0,runs,13.0,212.0,20.0,N,
1136591,0.0,runs,14.0,168.0,20.0,N,
1136592,4.0,runs,4.0,151.0,12.0,N,D/L
1136593,1.0,wickets,6.0,178.0,20.0,N,
1136594,6.0,wickets,6.0,175.0,20.0,N,
1136595,3.0,wickets,6.0,128.0,20.0,N,
1136596,10.0,wickets,7.0,164.0,20.0,N,
1136597,6.0,runs,13.0,182.0,20.0,N,
1136598,2.0,wickets,6.0,153.0,20.0,N,
1136599,10.0,runs,5.0,147.0,20.0,N,
1136600,5.0,runs,15.0,159.0,20.0,N,
1136601,6.0,runs,102.0,211.0,20.0,N,
1136602,10.0,wickets,9.0,188.0,20.0,N,
1136603,5.0,wickets,4.0,177.0,20.0,N,
1136604,1.0,runs,31.0,246.0,20.0,N,
1136605,0.0,wickets,5.0,182.0,20.0,N,
1136606,3.0,wickets,8.0,180.0,20.0,N,
1136607,5.0,wickets,7.0,169.0,20.0,N,
1136608,0.0,wickets,10.0,89.0,20.0,N,
1136609,1.0,wickets,6.0,143.0,20.0,N,
1136610,6.0,runs,3.0,187.0,20.0,N,
1136611,0.0,runs,14.0,219.0,20.0,N,
1136612,4.0,runs,34.0,163.0,20.0,N,
1136613,5.0,runs,30.0,165.0,20.0,N,
1136614,1.0,wickets,5.0,173.0,20.0,N,
1136615,4.0,runs,11.0,175.0,20.0,N,
1136616,3.0,wickets,5.0,154.0,20.0,N,
1136617,3.0,wickets,2.0,140.0,20.0,N,
1136618,1.0,runs,25.0,170.0,20.0,N,
1136619,10.0,runs,14.0,175.0,20.0,N,
1136620,3.0,wickets,8.0,179.0,20.0,N,
1175356,3.0,wickets,7.0,71.0,20.0,N,
1175357,1.0,wickets,6.0,182.0,20.0,N,
1175358,14.0,runs,37.0,214.0,20.0,N,
1175359,2.0,runs,14.0,185.0,20.0,N,
1175360,3.0,wickets,6.0,148.0,20.0,N,
1175361,1.0,runs,28.0,219.0,20.0,N,
1175362,6.0,runs,6.0,188.0,20.0,N,
1175363,10.0,wickets,5.0,199.0,20.0,N,
1175364,2.0,wickets,8.0,177.0,20.0,N,
1175365,14.0,tie,,186.0,20.0,Y,
1175366,10.0,runs,118.0,232.0,20.0,N,
1175367,3.0,runs,8.0,176.0,20.0,N,
1175368,2.0,runs,14.0,167.0,20.0,N,
1175369,5.0,wickets,7.0,159.0,20.0,N,
1175370,6.0,runs,37.0,171.0,20.0,N,
1175371,10.0,wickets,5.0,130.0,20.0,N,
1175372,1.0,wickets,5.0,206.0,20.0,N,
1178393,3.0,runs,22.0,161.0,20.0,N,
1178394,6.0,runs,40.0,137.0,20.0,N,
1178395,14.0,wickets,4.0,150.0,20.0,N,
1178396,1.0,wickets,8.0,140.0,20.0,N,
1178397,2.0,wickets,6.0,151.0,20.0,N,
1178398,3.0,wickets,7.0,109.0,20.0,N,
1178399,6.0,wickets,3.0,198.0,20.0,N,
1178400,3.0,wickets,4.0,152.0,20.0,N,
1178401,14.0,wickets,7.0,179.0,20.0,N,
1178402,5.0,wickets,4.0,188.0,20.0,N,
1178403,0.0,wickets,8.0,174.0,20.0,N,
1178404,3.0,wickets,5.0,162.0,20.0,N,
1178405,14.0,runs,39.0,156.0,20.0,N,
1178406,6.0,wickets,5.0,172.0,20.0,N,
1178407,2.0,runs,12.0,183.0,20.0,N,
1178408,10.0,wickets,6.0,133.0,20.0,N,
1178409,6.0,runs,40.0,169.0,20.0,N,
1178410,0.0,runs,10.0,214.0,20.0,N,
1178411,5.0,wickets,5.0,162.0,20.0,N,
1178412,14.0,wickets,5.0,164.0,20.0,N,
1178413,10.0,wickets,9.0,160.0,20.0,N,
1178414,0.0,runs,1.0,162.0,20.0,N,
1178415,14.0,wickets,6.0,192.0,20.0,N,
1178416,3.0,wickets,6.0,176.0,20.0,N,
1178417,0.0,runs,17.0,203.0,20.0,N,
1178418,5.0,wickets,3.0,176.0,20.0,N,
1178419,6.0,runs,46.0,156.0,20.0,N,
1178420,5.0,wickets,7.0,161.0,20.0,N,
1178421,14.0,runs,16.0,188.0,20.0,N,
1178422,1.0,runs,34.0,233.0,20.0,N,
1178423,10.0,runs,45.0,213.0,20.0,N,
1178424,,no result,,63.0,5.0,N,
1178425,3.0,runs,80.0,180.0,20.0,N,
1178426,6.0,tie,,163.0,20.0,Y,
1178427,1.0,wickets,7.0,184.0,20.0,N,
1178428,14.0,wickets,5.0,116.0,20.0,N,
1178429,0.0,wickets,4.0,176.0,20.0,N,
1178430,2.0,wickets,6.0,171.0,20.0,N,
1178431,6.0,wickets,9.0,134.0,20.0,N,
1181764,6.0,wickets,6.0,132.0,20.0,N,
1181766,14.0,wickets,2.0,163.0,20.0,N,
1181767,3.0,wickets,6.0,148.0,20.0,N,
1181768,6.0,runs,1.0,150.0,20.0,N,
1216492,3.0,wickets,5.0,163.0,20.0,N,
1216493,14.0,tie,,158.0,20.0,Y,
1216534,0.0,runs,10.0,164.0,20.0,N,
1216496,5.0,runs,16.0,217.0,20.0,N,
1216508,6.0,runs,49.0,196.0,20.0,N,
1216510,2.0,runs,97.0,207.0,20.0,N,
1216539,14.0,runs,44.0,176.0,20.0,N,
1216545,1.0,wickets,7.0,143.0,20.0,N,
1216527,5.0,wickets,4.0,224.0,20.0,N,
1216547,0.0,tie,,202.0,20.0,Y,
1216532,10.0,runs,15.0,163.0,20.0,N,
1216504,1.0,runs,37.0,175.0,20.0,N,
1216503,6.0,runs,48.0,192.0,20.0,N,
1216516,10.0,runs,7.0,165.0,20.0,N,
1216514,0.0,wickets,8.0,155.0,20.0,N,
1216515,14.0,runs,18.0,229.0,20.0,N,
1216513,3.0,wickets,10.0,179.0,20.0,N,
1216538,6.0,runs,34.0,209.0,20.0,N,
1216519,14.0,runs,59.0,197.0,20.0,N,
1216511,6.0,runs,57.0,194.0,20.0,N,
1216501,1.0,runs,10.0,168.0,20.0,N,
1216542,10.0,runs,69.0,202.0,20.0,N,
1216500,14.0,runs,46.0,185.0,20.0,N,
1216523,1.0,runs,2.0,165.0,20.0,N,
1216525,0.0,runs,37.0,170.0,20.0,N,
1216507,5.0,wickets,5.0,159.0,20.0,N,
1216529,6.0,wickets,5.0,163.0,20.0,N,
1216540,0.0,runs,82.0,195.0,20.0,N,
1216528,3.0,runs,20.0,168.0,20.0,N,
1216543,14.0,runs,13.0,162.0,20.0,N,
1216531,2.0,wickets,8.0,172.0,20.0,N,
1216526,6.0,wickets,8.0,149.0,20.0,N,
1216509,14.0,wickets,5.0,180.0,20.0,N,
1216522,0.0,wickets,7.0,178.0,20.0,N,
1216512,1.0,tie,,164.0,20.0,Y,
1216517,2.0,tie,,177.0,20.0,Y,
1216533,5.0,wickets,7.0,126.0,20.0,N,
1216546,2.0,wickets,5.0,165.0,20.0,N,
1216494,0.0,wickets,8.0,85.0,20.0,N,
1216518,10.0,wickets,8.0,155.0,20.0,N,
1216521,6.0,wickets,10.0,115.0,20.0,N,
1216497,1.0,runs,59.0,195.0,20.0,N,
1216498,2.0,runs,12.0,127.0,20.0,N,
1216541,5.0,wickets,8.0,196.0,20.0,N,
1216544,3.0,wickets,8.0,146.0,20.0,N,
1216520,2.0,wickets,8.0,150.0,20.0,N,
1216524,10.0,runs,88.0,220.0,20.0,N,
1216499,6.0,wickets,5.0,165.0,20.0,N,
1216536,3.0,wickets,6.0,173.0,20.0,N,
1216537,5.0,wickets,7.0,186.0,20.0,N,
1216502,10.0,wickets,5.0,121.0,20.0,N,
1216535,6.0,wickets,9.0,111.0,20.0,N,
1216506,3.0,wickets,9.0,154.0,20.0,N,
1216530,1.0,runs,60.0,192.0,20.0,N,
1216505,14.0,wickets,6.0,153.0,20.0,N,
1216495,10.0,wickets,10.0,150.0,20.0,N,
1237177,6.0,runs,57.0,201.0,20.0,N,
1237178,10.0,wickets,6.0,132.0,20.0,N,
1237180,14.0,runs,17.0,190.0,20.0,N,
1237181,6.0,wickets,5.0,157.0,20.0,N,
1254058,0.0,wickets,2.0,160.0,20.0,N,
1254059,14.0,wickets,7.0,189.0,20.0,N,
1254060,1.0,runs,10.0,188.0,20.0,N,
1254061,15.0,runs,4.0,222.0,20.0,N,
1254062,6.0,runs,10.0,153.0,20.0,N,
1254063,0.0,runs,6.0,150.0,20.0,N,
1254064,5.0,wickets,3.0,148.0,20.0,N,
1254065,3.0,wickets,6.0,107.0,20.0,N,
1254066,6.0,runs,13.0,151.0,20.0,N,
1254067,0.0,runs,38.0,205.0,20.0,N,
1254068,14.0,wickets,6.0,196.0,20.0,N,
1254069,3.0,runs,45.0,189.0,20.0,N,
1254070,14.0,wickets,6.0,138.0,20.0,N,
1254071,10.0,wickets,9.0,121.0,20.0,N,
1254072,3.0,runs,18.0,221.0,20.0,N,
1254073,0.0,wickets,10.0,178.0,20.0,N,
1254074,15.0,wickets,9.0,132.0,20.0,N,
1254075,5.0,wickets,6.0,134.0,20.0,N,
1254076,3.0,runs,69.0,192.0,20.0,N,
1254077,14.0,tie,,160.0,20.0,Y,
1254078,1.0,wickets,5.0,124.0,20.0,N,
1254079,0.0,runs,1.0,172.0,20.0,N,
1254080,3.0,wickets,7.0,172.0,20.0,N,
1254081,6.0,wickets,7.0,172.0,20.0,N,
1254082,14.0,wickets,7.0,155.0,20.0,N,
1254083,15.0,runs,34.0,180.0,20.0,N,
1254084,6.0,wickets,4.0,219.0,20.0,N,
1254085,5.0,runs,55.0,221.0,20.0,N,
1254086,14.0,wickets,7.0,167.0,20.0,N,
1254104,3.0,runs,20.0,157.0,20.0,N,
1254087,1.0,wickets,9.0,93.0,20.0,N,
1254111,5.0,runs,2.0,186.0,20.0,N,
1254105,14.0,wickets,8.0,135.0,20.0,N,
1254096,1.0,wickets,7.0,156.0,20.0,N,
1254113,3.0,wickets,6.0,157.0,20.0,N,
1254097,14.0,runs,33.0,155.0,20.0,N,
1254107,15.0,runs,5.0,126.0,20.0,N,
1254098,3.0,wickets,2.0,172.0,20.0,N,
1254108,0.0,runs,54.0,166.0,20.0,N,
1254100,10.0,wickets,7.0,165.0,20.0,N,
1254092,1.0,wickets,3.0,128.0,20.0,N,
1254099,6.0,wickets,6.0,136.0,20.0,N,
1254103,0.0,wickets,7.0,150.0,20.0,N,
1254091,3.0,wickets,6.0,135.0,20.0,N,
1254102,15.0,wickets,5.0,166.0,20.0,N,
1254089,5.0,wickets,7.0,190.0,20.0,N,
1254112,14.0,wickets,4.0,130.0,20.0,N,
1254090,0.0,runs,6.0,165.0,20.0,N,
1254109,1.0,wickets,6.0,116.0,20.0,N,
1254110,14.0,wickets,3.0,137.0,20.0,N,
1254093,6.0,wickets,8.0,91.0,20.0,N,
1254095,10.0,runs,4.0,142.0,20.0,N,
1254094,15.0,wickets,6.0,135.0,20.0,N,
1254106,1.0,runs,86.0,172.0,20.0,N,
1254088,6.0,runs,42.0,236.0,20.0,N,
1254101,0.0,wickets,7.0,165.0,20.0,N,
1254114,3.0,wickets,4.0,173.0,20.0,N,
1254115,1.0,wickets,4.0,139.0,20.0,N,
1254116,1.0,wickets,3.0,136.0,20.0,N,
1254117,3.0,runs,27.0,193.0,20.0,N,
1304047,1.0,wickets,6.0,132.0,20.0,N,
1304048,14.0,wickets,4.0,178.0,20.0,N,
1304049,15.0,wickets,5.0,206.0,20.0,N,
1304050,17.0,wickets,5.0,159.0,20.0,N,
1304051,5.0,runs,61.0,211.0,20.0,N,
1304052,0.0,wickets,3.0,129.0,20.0,N,
1304053,16.0,wickets,6.0,211.0,20.0,N,
1304054,1.0,wickets,6.0,138.0,20.0,N,
1304055,5.0,runs,23.0,194.0,20.0,N,
1304056,17.0,runs,14.0,172.0,20.0,N,
1304057,15.0,runs,54.0,181.0,20.0,N,
1304058,16.0,runs,12.0,170.0,20.0,N,
1304059,0.0,wickets,4.0,170.0,20.0,N,
1304060,1.0,wickets,5.0,162.0,20.0,N,
1304061,16.0,wickets,6.0,150.0,20.0,N,
1304062,17.0,wickets,6.0,190.0,20.0,N,
1304063,10.0,wickets,8.0,155.0,20.0,N,
1304064,0.0,wickets,7.0,152.0,20.0,N,
1304065,14.0,runs,44.0,216.0,20.0,N,
1304066,5.0,runs,3.0,166.0,20.0,N,
1304067,10.0,wickets,8.0,163.0,20.0,N,
1304068,3.0,runs,23.0,217.0,20.0,N,
1304069,15.0,runs,12.0,199.0,20.0,N,
1304070,17.0,runs,37.0,193.0,20.0,N,
1304071,10.0,wickets,7.0,176.0,20.0,N,
1304072,16.0,runs,18.0,200.0,20.0,N,
1304073,0.0,runs,16.0,190.0,20.0,N,
1304074,10.0,wickets,7.0,152.0,20.0,N,
1304075,17.0,wickets,3.0,170.0,20.0,N,
1304076,5.0,runs,7.0,218.0,20.0,N,
1304077,0.0,runs,18.0,182.0,20.0,N,
1304078,14.0,wickets,9.0,116.0,20.0,N,
1304079,3.0,wickets,3.0,156.0,20.0,N,
1304080,5.0,runs,15.0,223.0,20.0,N,
1304081,17.0,runs,8.0,157.0,20.0,N,
1304082,10.0,wickets,9.0,69.0,20.0,N,
1304083,16.0,runs,36.0,169.0,20.0,N,
1304084,15.0,runs,11.0,188.0,20.0,N,
1304085,5.0,runs,29.0,145.0,20.0,N,
1304086,17.0,wickets,5.0,196.0,20.0,N,
1304087,14.0,wickets,4.0,147.0,20.0,N,
1304088,16.0,runs,20.0,154.0,20.0,N,
1304089,17.0,wickets,6.0,171.0,20.0,N,
1304090,6.0,wickets,5.0,159.0,20.0,N,
1304091,16.0,runs,6.0,196.0,20.0,N,
1304092,3.0,runs,13.0,203.0,20.0,N,
1304093,1.0,wickets,7.0,153.0,20.0,N,
1304094,15.0,wickets,8.0,144.0,20.0,N,
1304095,0.0,runs,13.0,174.0,20.0,N,
1304096,14.0,runs,21.0,208.0,20.0,N,
1304097,6.0,runs,5.0,178.0,20.0,N,
1304098,5.0,wickets,6.0,190.0,20.0,N,
1304099,16.0,runs,75.0,177.0,20.0,N,
1304100,0.0,runs,67.0,193.0,20.0,N,
1304101,3.0,runs,91.0,209.0,20.0,N,
1304102,1.0,runs,52.0,166.0,20.0,N,
1304103,17.0,runs,62.0,145.0,20.0,N,
1304104,14.0,wickets,8.0,161.0,20.0,N,
1304105,6.0,wickets,5.0,98.0,20.0,N,
1304106,15.0,runs,54.0,210.0,20.0,N,
1304107,1.0,runs,54.0,178.0,20.0,N,
1304108,17.0,wickets,7.0,134.0,20.0,N,
1304109,5.0,runs,24.0,179.0,20.0,N,
1304110,14.0,runs,17.0,160.0,20.0,N,
1304111,10.0,runs,3.0,194.0,20.0,N,
1304112,16.0,runs,2.0,211.0,20.0,N,
1304113,0.0,wickets,8.0,169.0,20.0,N,
1304114,5.0,wickets,5.0,151.0,20.0,N,
1304115,6.0,wickets,5.0,160.0,20.0,N,
1304116,15.0,wickets,5.0,158.0,20.0,N,
1312197,17.0,wickets,7.0,189.0,20.0,N,
1312198,0.0,runs,14.0,208.0,20.0,N,
1312199,5.0,wickets,7.0,158.0,20.0,N,
1312200,17.0,wickets,7.0,131.0,20.0,N,
1359475,17.0,wickets,5.0,179.0,20.0,N,
1359476,15.0,runs,7.0,154.0,16.0,N,D/L
1359477,16.0,runs,50.0,194.0,20.0,N,
1359478,5.0,runs,72.0,204.0,20.0,N,
1359479,0.0,wickets,8.0,172.0,20.0,N,
1359480,3.0,runs,12.0,218.0,20.0,N,
1359481,17.0,wickets,6.0,163.0,20.0,N,
1359482,15.0,runs,5.0,198.0,20.0,N,
1359483,1.0,runs,81.0,205.0,20.0,N,
1359484,16.0,wickets,5.0,122.0,20.0,N,
1359485,5.0,runs,57.0,200.0,20.0,N,
1359486,3.0,wickets,7.0,158.0,20.0,N,
1359487,1.0,wickets,3.0,205.0,20.0,N,
1359488,10.0,wickets,8.0,144.0,20.0,N,
1359489,16.0,wickets,1.0,213.0,20.0,N,
1359490,6.0,wickets,6.0,173.0,20.0,N,
1359491,5.0,runs,3.0,176.0,20.0,N,
1359492,17.0,wickets,6.0,154.0,20.0,N,
1359493,10.0,runs,23.0,229.0,20.0,N,
1359494,0.0,runs,23.0,175.0,20.0,N,
1359495,15.0,wickets,2.0,160.0,20.0,N,
1359496,6.0,wickets,5.0,186.0,20.0,N,
1359497,5.0,wickets,3.0,178.0,20.0,N,
1359498,3.0,runs,8.0,227.0,20.0,N,
1359499,6.0,runs,14.0,193.0,20.0,N,
1359500,16.0,runs,10.0,155.0,20.0,N,
1359501,0.0,runs,24.0,175.0,20.0,N,
1359502,14.0,wickets,4.0,128.0,20.0,N,
1359503,3.0,wickets,7.0,135.0,20.0,N,
1359504,17.0,runs,7.0,136.0,20.0,N,
1359505,15.0,runs,13.0,215.0,20.0,N,
1359506,0.0,runs,7.0,190.0,20.0,N,
1359507,3.0,runs,49.0,236.0,20.0,N,
1359508,14.0,runs,7.0,145.0,20.0,N,
1359509,17.0,runs,55.0,208.0,20.0,N,
1359510,1.0,runs,21.0,201.0,20.0,N,
1359511,5.0,runs,32.0,203.0,20.0,N,
1359512,16.0,runs,56.0,258.0,20.0,N,
1359513,17.0,wickets,7.0,180.0,20.0,N,
1359514,10.0,runs,9.0,198.0,20.0,N,
1359515,15.0,wickets,4.0,201.0,20.0,N,
1359516,6.0,wickets,6.0,213.0,20.0,N,
1359517,0.0,runs,18.0,127.0,20.0,N,
1359518,14.0,runs,5.0,131.0,20.0,N,
1359519,,no result,,,,N,
1359520,6.0,wickets,6.0,215.0,20.0,N,
1359521,1.0,runs,5.0,172.0,20.0,N,
1359522,17.0,wickets,9.0,119.0,20.0,N,
1359523,3.0,wickets,6.0,140.0,20.0,N,
1359524,14.0,wickets,7.0,182.0,20.0,N,
1359525,17.0,runs,56.0,228.0,20.0,N,
1359526,10.0,wickets,4.0,215.0,20.0,N,
1359527,1.0,wickets,5.0,180.0,20.0,N,
1359528,6.0,wickets,6.0,200.0,20.0,N,
1359529,3.0,runs,27.0,168.0,20.0,N,
1359530,5.0,wickets,9.0,150.0,20.0,N,
1359531,6.0,runs,27.0,219.0,20.0,N,
1359532,16.0,wickets,7.0,183.0,20.0,N,
1359533,15.0,runs,31.0,168.0,20.0,N,
1359534,0.0,runs,112.0,172.0,20.0,N,
1359535,1.0,wickets,6.0,145.0,20.0,N,
1359536,17.0,runs,34.0,189.0,20.0,N,
1359537,16.0,runs,5.0,178.0,20.0,N,
1359538,14.0,runs,15.0,214.0,20.0,N,
1359539,0.0,wickets,8.0,187.0,20.0,N,
1359540,5.0,wickets,4.0,188.0,20.0,N,
1359541,3.0,runs,77.0,224.0,20.0,N,
1359542,16.0,runs,1.0,177.0,20.0,N,
1359543,6.0,wickets,8.0,201.0,20.0,N,
1359544,17.0,wickets,6.0,198.0,20.0,N,
1370350,3.0,runs,15.0,173.0,20.0,N,
1370351,6.0,runs,81.0,183.0,20.0,N,
1370352,17.0,runs,62.0,234.0,20.0,N,
1370353,3.0,wickets,5.0,171.0,15.0,N,D/L
1422119,3.0,wickets,6.0,174.0,20.0,N,
1422120,15.0,wickets,4.0,175.0,20.0,N,
1422121,1.0,runs,4.0,209.0,20.0,N,
1422122,5.0,runs,20.0,194.0,20.0,N,
1422123,17.0,runs,6.0,169.0,20.0,N,
1422124,18.0,wickets,4.0,177.0,20.0,N,
1422125,3.0,runs,63.0,207.0,20.0,N,
1422126,10.0,runs,31.0,278.0,20.0,N,
1422127,5.0,runs,12.0,186.0,20.0,N,
1422128,1.0,wickets,7.0,183.0,20.0,N,
1422129,16.0,runs,21.0,200.0,20.0,N,
1422130,17.0,wickets,7.0,163.0,20.0,N,
1422131,14.0,runs,20.0,192.0,20.0,N,
1422132,5.0,wickets,6.0,126.0,20.0,N,
1422133,16.0,runs,28.0,182.0,20.0,N,
1422134,1.0,runs,106.0,273.0,20.0,N,
1422135,15.0,wickets,3.0,200.0,20.0,N,
1422136,10.0,wickets,6.0,166.0,20.0,N,
1422137,5.0,wickets,6.0,184.0,20.0,N,
1422138,6.0,runs,29.0,235.0,20.0,N,
1422139,16.0,runs,33.0,164.0,20.0,N,
1426260,3.0,wickets,7.0,138.0,20.0,N,
1426261,10.0,runs,2.0,183.0,20.0,N,
1426262,17.0,wickets,3.0,197.0,20.0,N,
1426263,6.0,wickets,7.0,197.0,20.0,N,
1426264,14.0,wickets,6.0,168.0,20.0,N,
1426265,5.0,wickets,3.0,148.0,20.0,N,
1426266,1.0,wickets,8.0,162.0,20.0,N,
1426267,3.0,runs,20.0,207.0,20.0,N,
1426268,10.0,runs,25.0,288.0,20.0,N,
1426269,5.0,wickets,2.0,224.0,20.0,N,
1426270,14.0,wickets,6.0,90.0,20.0,N,
1426271,6.0,runs,9.0,193.0,20.0,N,
1426272,16.0,wickets,8.0,177.0,20.0,N,
1426273,10.0,runs,67.0,267.0,20.0,N,
1426274,1.0,runs,1.0,223.0,20.0,N,
1426275,17.0,wickets,3.0,143.0,20.0,N,
1426276,5.0,wickets,9.0,180.0,20.0,N,
1426277,16.0,wickets,6.0,211.0,20.0,N,
1426278,14.0,runs,4.0,225.0,20.0,N,
1426279,18.0,runs,35.0,207.0,20.0,N,
1426280,15.0,wickets,8.0,262.0,20.0,N,
1426281,14.0,runs,10.0,258.0,20.0,N,
1426282,5.0,wickets,7.0,197.0,20.0,N,
1426283,18.0,wickets,9.0,201.0,20.0,N,
1426284,3.0,runs,78.0,213.0,20.0,N,
1426285,1.0,wickets,7.0,154.0,20.0,N,
1426286,16.0,wickets,4.0,145.0,20.0,N,
1426287,15.0,wickets,7.0,163.0,20.0,N,
1426288,10.0,runs,1.0,202.0,20.0,N,
1426289,1.0,runs,24.0,170.0,20.0,N,
1426290,18.0,wickets,4.0,148.0,20.0,N,
1426291,3.0,runs,28.0,168.0,20.0,N,
1426292,1.0,runs,98.0,236.0,20.0,N,
1426293,6.0,wickets,7.0,174.0,20.0,N,
1426294,14.0,runs,20.0,222.0,20.0,N,
1426295,10.0,wickets,10.0,166.0,20.0,N,
1426296,18.0,runs,60.0,242.0,20.0,N,
1426297,17.0,runs,35.0,232.0,20.0,N,
1426298,1.0,runs,18.0,158.0,16.0,N,
1426299,3.0,wickets,5.0,142.0,20.0,N,
1426300,18.0,runs,47.0,188.0,20.0,N,
1426302,14.0,runs,19.0,209.0,20.0,N,
1426303,15.0,wickets,5.0,145.0,20.0,N,
1426305,16.0,runs,18.0,215.0,20.0,N,
1426306,18.0,runs,27.0,219.0,20.0,N,
1426307,10.0,wickets,4.0,215.0,20.0,N,
1426309,1.0,wickets,8.0,160.0,20.0,N,
1426310,5.0,wickets,4.0,173.0,20.0,N,
1426311,10.0,runs,36.0,176.0,20.0,N,
1426312,1.0,wickets,8.0,114.0,20.0,N,
