umpire_id,umpire
0,Asad Rauf
1,RE Koertzen
2,MR Benson
3,SL Shastri
4,Aleem Dar
5,GA Pratapkumar
6,SJ Davis
7,DJ Harper
8,BF Bowden
9,K Hariharan
10,RB Tiffin
11,IL Howell
12,AM Saheba
13,AV Jayaprakash
14,I Shivram
15,BR Doctrove
16,BG Jerling
17,SD Ranade
18,SJA Taufel
19,M Erasmus
20,TH Wijewardene
21,HDPK Dharmasena
22,S Asnani
23,GAV Baxter
24,SK Tarapore
25,S Ravi
26,SS Hazare
27,S Das
28,PR Reiffel
29,AL Hill
30,RJ Tucker
31,JD Cloete
32,AK Chaudhary
33,VA Kulkarni
34,BNJ Oxenford
35,C Shamshuddin
36,K Srinath
37,Subroto Das
38,CK Nandan
39,NJ Llong
40,RK Illingworth
41,RM Deshpande
42,PG Pathak
43,SD Fry
44,CB Gaffaney
45,K Srinivasan
46,VK Sharma
47,Nitin Menon
48,A Nand Kishore
49,K Bharatan
50,AY Dandekar
51,KN Ananthapadmanabhan
52,A Deshmukh
53,YC Barde
54,UV Gandhe
55,IJ Gould
56,J Madanagopal
57,Navdeep Singh
58,MA Gough
59,Tapan Sharma
60,HAS Khalid
61,Chirra Ravikanthreddy
62,N Pandit
63,R Pandit
64,GR Sadashiv Iyer
65,NA Patwardhan
66,A Totre
67,MV Saidharshan Kumar
68,Vinod Seshan
69,AG Wharf
